node,m,edges
AAK1,3,NUMB(T102);AP2M1(T156);AP1M1(T144);
ABL1,69,YAP1(Y407);WASL(Y256);WASL(Y175);TP73(Y99);STK3(Y81);SRCIN1(Y268);SRCIN1(Y136);SPTLC1(Y164);ROBO1(Y1073);RB1(Y805);RAPGEF1(Y504);RAD9A(Y28);RAD52(Y104);RAD51(Y54);RAD51(Y315);RAD51(Y315);RACK1(Y52);PTPN6(Y564);PTPN6(Y564);PTPN6(Y536);PTPN6(Y536);PSTPIP1(Y345);PSMA7(Y153);PRKD1(Y502);PRKD1(Y463);PRKD1(Y432);PLSCR1(Y74);PLSCR1(Y69);PDGFRB(Y970);PDGFRB(Y686);PARK2(Y143);NCOA3(Y1357);NCK1(Y105);MYLK(Y846);MYLK(Y556);MYLK(Y464);MYLK(Y231);MDM2(Y405);MDM2(Y394);MDM2(Y276);MAP4K1(Y232);LGALS3(Y79);LGALS3(Y118);LGALS3(Y107);LASP1(Y171);JUN(Y170);JAK2(Y1007);GPX1(Y98);ESR1(Y52);ESR1(Y219);ERCC6(Y932);EGFR(Y1197);EGFR(Y1172);DDX5(Y593);CRK(Y221);CEBPB(Y78);CDKN1B(Y88);CDK5(Y15);CD19(Y508);CAT(Y386);CAT(Y231);CASP9(Y153);BTK(Y223);ATR(Y310);ATR(Y291);APBB1(Y547);ABL2(Y261);ABL1(Y393);ABI1(Y213);
ABL2,10,SIVA1(Y34);PSMA7(Y153);LGALS3(Y79);LGALS3(Y118);GPX1(Y98);CRK(Y221);CEBPB(Y78);CAT(Y386);CAT(Y231);ABL2(Y261);
ACVR1,2,SMAD1(S465);SMAD1(S463);
ACVR2B,1,ACVR1B(T206);
AKT,67,ZYX(S142);ZFP36L1(S92);YWHAZ(S58);XIAP(S87);TWIST1(S42);TSC2(T1462);TSC2(S939);TERT(S824);TERT(S227);TBX3(S719);TBC1D4(S588);STK3(T384);STK3(T117);SRPK2(T492);RAF1(S259);PPP1CA(T320);PEA15(S116);NOS3(S615);NOS3(S1177);NCOR1(S1450);MTOR(S2448);METTL1(S27);MDM2(S188);MDM2(S186);MDM2(S166);MAP2K4(S80);H3F3A; H3F3B(S11);GSK3B(S9);GATA2(S401);GATA1(S310);FOXO3(T32);FOXO3(S315);FOXO3(S253);FOXO1(T24);FOXO1(S319);FOXO1(S256);EZR(T567);EZH2(S21);ESR1(S167);ESR1(S118);ESR1(S106);ESR1(S104);EP300(S1834);DNMT1(S143);CTNNB1(S552);CLK2(T127);CLK2(S34);CHUK(T23);CHEK1(S280);CDKN1B(T198);CDKN1B(T157);CDKN1B(S10);CDKN1A(T145);CDKN1A(S146);CDK2(T39);CCT2(S260);BRCA1(T509);BRCA1(S694);BRAF(T440);BRAF(S428);BRAF(S364);BAD(S99);BAD(S118);AR(S792);AR(S215);AGAP2(S985);ACLY(S455);
AKT1,154,ZYX(S142);ZFP36L1(S92);YWHAZ(S58);YBX1(S102);YAP1(S127);XIAP(S87);WNK1(T60);VIM(S39);VCP(S748);VCP(S746);VCP(S352);TWIST1(S42);TTC3(S378);TSC2(T1462);TSC2(S939);TP53RK(S250);TERT(S824);TERT(S227);TBC1D4(T642);TAL1(T90);STK4(T387);STK4(T120);STK3(T384);STK3(T117);SRPK2(T492);SKI(T458);SH3RF1(S304);SH2B2(S598);S1PR1(T236);RNF11(T135);RARA(S96);RANBP3(S126);RAF1(S259);RAC1(S71);PTPN1(S50);PPP1CA(T320);PPARGC1A(S571);POU5F1(T235);PLN(T17);PIKFYVE(S307);PHF20(S291);PFKFB3(S461);PFKFB2(S483);PFKFB2(S483);PFKFB2(S466);PFKFB2(S466);PEA15(S116);PDE3B(S318);PDE3B(S295);PDCD4(S67);PDCD4(S457);PALLD(S1118);NUAK1(S600);NR4A1(S351);NR3C1(S134);NOS3(S615);NOS3(S1177);NCOR1(S1450);NCF1(S328);NCF1(S304);MXD1(S145);MTOR(T2446);MTOR(S2448);MST1R(S1394);METTL1(S27);MDM4(S367);MDM2(S188);MDM2(S186);MDM2(S166);MAP3K8(S413);MAP3K8(S400);MAP3K5(S83);MAP3K11(S674);MAP2K4(S80);LTB4R2(T355);KHSRP(S193);ITGB3(T779);IRAK1(T100);ILF3(S647);HTT(S419);HTRA2(S212);HSPB1(S82);HNRNPA1(S199);HMOX1(S188);H3F3A; H3F3B(S11);GSK3B(S9);GSK3A(S21);GATA2(S401);GATA1(S310);GAB2(S159);FOXO4(T32);FOXO4(S262);FOXO4(S197);FOXO3(T32);FOXO3(S315);FOXO3(S253);FOXO1(T24);FOXO1(S319);FOXO1(S256);FANCA(S1149);FAM129A(S602);EZH2(S21);ESR1(S167);ESR1(S118);ESR1(S106);ESR1(S104);EP300(S1834);EIF4B(S422);DNMT1(S143);DLC1(S766);CTNNB1(S552);CREB1(S133);COPS6(S60);CLK2(T127);CLK2(S34);CHUK(T23);CHEK1(S280);CFLAR(S273);CDKN1C(T310);CDKN1C(S282);CDKN1B(T198);CDKN1B(T157);CDKN1B(S10);CDKN1A(T145);CDKN1A(S146);CDK2(T39);CDCA7(T163);CCT2(S260);CCDC88A(S1417);CASP9(S196);CASP9(S196);CARHSP1(S52);BRCA1(T509);BRCA1(S694);BRAF(S429);BRAF(S365);BMI1(S316);BCL2L11(S87);BAX(S184);BAD(S99);BAD(S136);BAD(S118);BAD(S112);ATXN1(S775);ARFIP2(S260);AR(S792);AR(S215);ALYREF(T219);AKT1S1(T246);AGAP2(S985);ADRB2(S346);ADRB2(S345);ACLY(S455);ACAP1(S554);
AKT2,42,XIAP(S87);TSC2(T1462);TSC2(T1462);TSC2(S939);TSC2(S939);STK4(T387);STK3(T117);SH3RF1(S304);PTPN1(S50);PPARGC1A(S571);POU5F1(T235);NOS3(S615);MDM2(S186);MDM2(S166);MAP3K5(S83);KHSRP(S193);HTRA2(S212);HSPB1(S82);GSK3B(S9);FOXO4(T32);FOXO3(T32);FOXO3(S315);FOXO3(S253);FOXO1(T24);FOXO1(S256);EZR(T567);ESR1(S167);EP300(S1834);CTNNB1(S552);CREB1(S133);CHUK(T23);CDKN1B(T157);CASP9(S196);BRAF(T440);BRAF(S428);BRAF(S364);BMI1(S316);BAD(S99);BAD(S118);ANKRD2(S99);AKT1S1(T246);ACLY(S455);
AKT3,19,TBX3(S719);STK4(T387);STK3(T117);POU5F1(T235);NOS3(S615);HSPB1(S82);GSK3B(S9);FOXO3(T32);FOXO3(S315);FOXO3(S253);CREB1(S133);CHUK(T23);CASP9(S196);BRAF(S428);BRAF(S364);BMI1(S316);BAD(S99);BAD(S118);AGO2(S387);
ALK,3,SFPQ(Y293);GRB2(Y160);ALK(Y1278);
AMPK,52,ZNF692(S470);VASP(T278);VASP(S322);ULK1(S638);ULK1(S556);ULK1(S317);TSC2(S1387);TP53(S15);TBC1D1(S237);SREBF1(S396);RRN3(S635);RB1(S811);RAF1(S621);RAF1(S259);PPP1R12C(S452);PPARGC1A(T178);PPARGC1A(T178);PPARGC1A(S539);PPARGC1A(S539);PLD1(S505);PFKFB3(S461);PFKFB2(S466);PAK2(S20);NR2C2(S351);NOS3(T495);NOS3(S1177);MFF(S172);MFF(S155);LIPE(S855);KPNA2(S105);KLC2(S582);HNF4A(S303);HDAC7(S358);HDAC7(S155);HDAC5(S498);HDAC5(S259);GBF1(T1337);FOXO3(T179);FOXO3(S626);FOXO3(S588);FOXO3(S555);FOXO3(S413);FOXO3(S399);EEF2K(S398);CTBP1(S158);CRY1(S71);CRTC2(S171);CRTC2(S171);CRTC2(S170);CDC27(S379);BAIAP2(S366);ACACA(S80);
ARAF,2,MAP2K1(S222);MAP2K1(S218);
ATM,119,ZNF148(S202);XPA(S196);XPA(S173);WRN(S1292);WRN(S1141);TP63(T491);TP63(S560);TP63(S477);TP53BP1(T302);TP53BP1(S831);TP53BP1(S784);TP53BP1(S6);TP53BP1(S29);TP53BP1(S25);TP53BP1(S1219);TP53(S9);TP53(S46);TP53(S20);TP53(S20);TP53(S15);TP53(S15);TERF1(S219);TDP1(S81);TAOK1(T785);TAOK1(T643);TAOK1(S990);STK11(T367);STK11(T363);SP1(S101);SMC3(S1083);SMC1A(S966);SMC1A(S957);SMAD1(S239);SIAH1(S19);RRM2B(S72);RPA2(T21);RFWD2(S387);RBBP8(S745);RBBP8(S664);RASSF1(S135);RAD9A(S272);RAD50(S635);RAD17(S656);RAD17(S646);PRKDC(T2609);PPP1R2(S44);PNKP(S126);PNKP(S114);NHEJ1(S251);NFAT5(S1367);NFAT5(S1247);NFAT5(S1197);NBN(S615);NBN(S397);NBN(S343);NBN(S278);MRE11(S264);MDM4(S403);MDM4(S367);MDM4(S342);MDM2(S429);MDM2(S395);MDM2(S395);MDM2(S386);MCM3(S535);KHSRP(S670);KHSRP(S274);IKBKG(S85);HNF1A(S249);HIF1A(S696);H2AFX(S140);FBXO31(S278);FANCD2(S222);FANCD2(S1407);FANCD2(S1404);FANCD2(S1401);FANCA(S1449);EP300(S106);EIF4EBP1(S112);E2F1(S31);DCLRE1C(S645);DCLRE1C(S516);DCLRE1C(S503);DBF4(T449);DBF4(S539);DBF4(S502);DAXX(S564);CREB1(T100);CREB1(S121);CREB1(S111);CHEK2(T68);CHEK2(T26);CHEK2(S50);CHEK2(S35);CHEK2(S33);CHEK2(S28);CHEK2(S19);CHEK1(S345);CHEK1(S317);CCDC6(T434);BUB1(S314);BRCA1(S1542);BRCA1(S1524);BRCA1(S1497);BRCA1(S1466);BRCA1(S1457);BRCA1(S1423);BRCA1(S1387);BRCA1(S1330);BRCA1(S1189);BLM(T99);ATM(S440);ATM(S367);ATM(S2996);ATM(S1981);ATM(S1893);ATF2(S498);ATF2(S490);ABL1(S446);
ATR,33,XPA(S196);XPA(S173);TP53(S15);RPA2(S33);RBBP8(T859);RAD17(S656);RAD17(S646);PRKDC(T2609);POLH(S601);NBN(S343);MDM2(S407);MCM2(S108);KMT2A(S516);FANCD2(T691);FANCD2(S717);FANCA(S1449);E2F1(S31);DBF4(T449);DBF4(S539);DBF4(S502);CREB1(S121);CHEK2(T68);CHEK1(S345);CHEK1(S317);BRCA1(T1394);BRCA1(S1457);BRCA1(S1423);BRCA1(S1387);BRCA1(S1280);BRCA1(S1143);ATRIP(S72);ATRIP(S68);ATM(S1981);
AURKA,25,WWC1(S539);TP53(S315);TP53(S215);TP53(S106);RASSF1(T206);RASSF1(S207);PLK1(T210);PIN1(S16);PARD3(S962);MBD3(S85);MBD3(S24);MAPRE3(S176);MAP9(S625);LATS2(S83);LATS2(S380);HIST1H3A; HIST1H3B; HIST1H3C; HIST1H3D; HIST1H3E; HIST1H3F; HIST1H3G; HIST1H3H; HIST1H3I; HIST1H3J(S11);FAF1(S291);FAF1(S289);FADD(S203);CETN2(S170);CDC25B(S353);BRCA1(S308);AURKA(T288);AR(S792);AR(S215);
AURKB,58,YY1(S184);YY1(S180);WWC1(S539);VIM(S73);TP53(T284);TP53(T211);TP53(S269);TP53(S215);TP53(S183);RASSF1(S207);RACGAP1(T186);RACGAP1(T145);RACGAP1(S387);RACGAP1(S187);RACGAP1(S185);RACGAP1(S144);PLEKHG6(T544);NSUN2(S139);NINL(S585);NINL(S448);NINL(S185);NDC80(S5);NDC80(S44);NDC80(S15);MYBBP1A(S1303);MAPRE3(S176);KNL1(S60);KNL1(S24);KIF2C(S95);KIF2C(S192);KIF2C(S111);INCENP(T892);INCENP(S894);INCENP(S893);HIST1H3A; HIST1H3B; HIST1H3C; HIST1H3D; HIST1H3E; HIST1H3F; HIST1H3G; HIST1H3H; HIST1H3I; HIST1H3J(S29);HIST1H3A; HIST1H3B; HIST1H3C; HIST1H3D; HIST1H3E; HIST1H3F; HIST1H3G; HIST1H3H; HIST1H3I; HIST1H3J(S11);HDAC9(S239);HDAC5(S278);HDAC4(S265);H3F3A; H3F3B(S11);H3F3A; H3F3B(S11);GFAP(T7);GFAP(S38);GFAP(S13);DSN1(S109);DSN1(S100);DIAPH2(S196);DES(T17);DES(S60);DES(S12);CKAP2(S628);CHMP4C(S215);CHMP4C(S214);CHMP4C(S210);CENPA(S7);BIRC5(T117);AURKB(T232);ATM(S1403);
AURKC,1,HIST1H3A; HIST1H3B; HIST1H3C; HIST1H3D; HIST1H3E; HIST1H3F; HIST1H3G; HIST1H3H; HIST1H3I; HIST1H3J(S11);
AXL,3,AXL(Y866);AXL(Y821);AXL(Y779);
BAZ1B,1,H2AFX(Y143);
BCKDK,1,BCKDHA(S337);
BCR,2,YWHAZ(T232);YWHAQ(S232);
BCR/ABL fusion,11,GRB2(Y7);GRB2(Y52);GRB2(Y37);GRB2(Y209);GRB2(Y160);CTNNB1(Y86);CTNNB1(Y654);CRKL(Y207);BCR(Y360);BCR(Y283);BCR(Y177);
BLK,2,FCGR2A(Y304);FCGR2A(Y288);
BLVRA,1,PRKCB(T500);
BMPR1A,2,SMAD1(S465);SMAD1(S463);
BMPR1A/1B/2,2,SMAD1(S465);SMAD1(S463);
BMPR1B,8,STAMBP(S48);STAMBP(S247);STAMBP(S245);STAMBP(S243);STAMBP(S2);SMAD1(S465);SMAD1(S463);SMAD1(S462);
BMX,1,PTK2(Y577);
BRAF,6,MAP2K2(S226);MAP2K2(S222);MAP2K1(S252);MAP2K1(S248);MAP2K1(S222);MAP2K1(S218);
BRD4,1,POLR2A(S1616);
BRSK1,4,WEE1(S642);TUBG1(S131);CDC25C(S216);CDC25B(S375);
BRSK2,1,PRKAA1(T183);
BTK,16,WAS(Y291);TEC(Y206);STAT5A(Y694);PLCG2(Y759);PLCG2(Y753);PLCG2(Y1217);PLCG2(Y1197);ITK(Y180);GTF2I(Y503);GTF2I(Y398);GTF2I(Y248);DAPP1(Y139);BTK(Y551);BTK(Y223);BMX(Y224);BMX(Y216);
BUB1,6,CDC20(T157);CDC20(S92);CDC20(S72);CDC20(S41);CDC20(S161);CDC20(S153);
CAD,1,CAD(T1037);
CAMK1,9,SYN1(S9);NUMB(S276);NOS1(S852);KRT18(S53);HDAC5(S498);HDAC5(S259);EIF4G3(S1156);CAMK1(T177);ATF1(S63);
CAMK1G,1,EIF4G3(S1156);
CAMK2A,67,TH(S19);STMN1(S16);SRF(T160);SRF(S103);SMAD2(S260);SMAD2(S240);SMAD2(S110);RIMS1(S288);RIMS1(S242);RCHY1(T154);RCHY1(S155);PTK2(S843);PEA15(S116);PDC(S73);PDC(S54);OPRM1(T372);OPRM1(S270);OPRM1(S268);NOS1(S852);NCOR2(S2437);MAPT(T548);MAPT(S579);MAPT(S552);LRRC7(S1439);LIPE(S855);KRT18(S53);ITPKA(T311);ITGB1BP1(T38);HSF1(S230);HRH1(T140);HRH1(S398);GRIN2B(S1303);GRIA4(S862);GFPT1(S261);GFAP(S393);GFAP(S38);GFAP(S17);GFAP(S13);GABBR1(S868);ETS2(S313);ETS2(S310);ETS2(S246);ETS1(S285);ETS1(S282);ETS1(S257);ETS1(S251);EGFR(S768);EGFR(S1166);EGFR(S1120);EGFR(S1081);EGFR(S1071);EGFR(S1070);EGFR(S1064);DLG1(S232);CREB1(S142);CREB1(S142);CHAT(T574);CEBPB(S325);CD44(S706);CAMK2A(T306);CAMK2A(T305);CAMK2A(T286);CAMK2A(S314);CALD1(S656);CALD1(S643);CACNA1B(S2120);ATP2A2(S38);
CAMK2B,17,STMN1(S16);STAT1(S727);PRKAA1(T183);PLCB3(S537);GSK3A(S21);GRIN2B(S1303);ETS1(S285);ETS1(S282);ETS1(S257);ETS1(S251);CYLD(S772);CYLD(S418);CYLD(S362);CTNNB1(T472);CTNNB1(T332);CTNNB1(S552);CAMK2B(T287);
CAMK2D,8,VIM(S83);TPD52(S176);SCN5A(T594);SCN5A(S516);KCNJ11(T224);HDAC4(S210);CEACAM1(T457);CACNB2(T554);
CAMK2G,22,TH(S19);SYN1(S605);SYN1(S568);STAT1(S727);SPR(S213);RYR1(S2843);RRAD(S273);PLCB3(S537);PEA15(S116);NCOR2(S2418);MYLK(S1760);HDAC5(S498);HDAC5(S259);GRIA4(S862);GRIA1(S849);GRIA1(S645);FLNA(S2523);EGFR(S1071);EGFR(S1070);CHAT(T574);ATF1(S63);ADCY3(S1076);
CAMK4,10,STMN1(S16);PHB2(S91);NOS1(S852);HNRNPL(S544);HDAC5(S498);HDAC5(S259);HDAC4(S632);HDAC4(S467);CREBBP(S302);CREB1(S133);
CAMKK1,5,PRKAA1(T183);CAMK4(T200);CAMK1D(T180);CAMK1(T177);AKT1(T308);
CAMKK2,5,PRKAA2(T172);PRKAA1(T183);CAMKK2(T483);CAMK4(T200);CAMK1(T177);
CDC42BPA,6,PPP1R12C(T560);MYL9(T19);MYL9(S20);MYL2(S19);LIMK2(T505);LIMK1(T508);
CDC7,10,RAD18(S434);PSIP1(S206);MCM2(S53);MCM2(S5);MCM2(S41);MCM2(S40);MCM2(S27);MCM2(S139);MCM2(S13);MCM2(S108);
CDK1,200,ZC3HC1(S395);WEE1(S123);VIM(S55);USP16(S552);UBE2A(S120);UBA1(S835);UBA1(S4);TSC1(T417);TSC1(T1047);TSC1(S584);TP73(T86);TP53(S315);TOP2A(S1393);TOP2A(S1361);TOP2A(S1354);TOP2A(S1247);TK1(S13);SYN3(S470);STIM1(S668);SREBF1(S439);SQSTM1(T269);SQSTM1(S272);SP1(T739);SIRT2(S368);SIRT1(S540);SAMHD1(T592);RUNX2(S465);RUNX1(T273);RUNX1(S397);RUNX1(S276);RUNX1(S276);RUNX1(S266);RUNX1(S249);RUNX1(S21);RRM2(T33);RRM2(S20);RPTOR(T706);RPTOR(S696);RPS6KB1(T444);RPS6KB1(S434);RPS6KB1(S394);RPS3(T221);RPA2(S29);RPA2(S23);RB1(T373);RB1(T252);RB1(S811);RB1(S807);RB1(S249);RAP1GAP(S484);RANGAP1(T409);RANGAP1(S442);RANGAP1(S428);RAD9A(T355);RAD9A(T292);RAD9A(S336);RAD9A(S328);RAD9A(S277);RAB5B(S123);PTTG1(S165);PTPN2(S304);PTPN1(S386);PTHLH(T121);PRDX1(T90);PPP1CA(T320);PLEC(T4539);PITPNM1(T287);PITPNM1(S382);PIK3C3(T159);PIK3C2A(S259);PBK(T9);ORC1(T375);ORC1(S273);ORC1(S258);NUSAP1(T338);NUSAP1(T300);NUP98(T670);NUP98(S623);NUP98(S612);NUP50(S221);NUMA1(T2055);NSFL1C(S140);NPM1(T237);NPM1(T234);NPM1(T234);NPM1(T199);NPM1(S70);NME1(S120);NFAT5(T135);NCOA3(S728);MYOD1(S5);MYOD1(S200);MPLKIP(T120);MPLKIP(S93);MPLKIP(S104);MDM4(S96);MCM4(T19);MCL1(T92);MASTL(T207);MASTL(T194);MAPK6(T698);MAPK6(S705);MAPK6(S688);MAPK6(S684);MAP4(S787);MAP4(S696);MAP2K1(T292);MAP2K1(T286);LMNA(S392);LMNA(S390);LMNA(S22);LIG1(S76);LBR(S71);LATS1(S613);KRT8(S432);KRT18(S34);KMT5A(S100);KIF2C(T537);KIF22(T463);KIF11(T926);KHDRBS1(T317);KAT7(T88);KAT7(T85);KAT5(S90);KAT5(S86);IREB2(S157);INCENP(T412);HMGA2(S59);HMGA2(S44);HMGA1(T78);HMGA1(T53);HMGA1(S36);GOLGA2(S37);FOXO1(S249);FOXM1(T611);FOXM1(S251);FOXK2(S428);FOXK2(S373);FEN1(S187);FANCG(S387);EZH2(T487);EZH2(T345);ESPL1(S1126);ERCC6L(T1063);EIF4EBP1(T70);EGFR(S1026);EEF2K(S359);EEF1D(S133);ECT2(T846);ECT2(T444);ECT2(T373);E2F1(S337);E2F1(S332);DNMT1(S154);DLG1(S443);DLG1(S158);DDX3X(T323);DDX3X(T204);CUX1(S1270);CUX1(S1237);CSNK2B(S209);CSNK2A1(T360);CSNK2A1(T344);CSNK2A1(S370);CSNK2A1(S362);CKAP2(T623);CHEK1(S301);CHEK1(S286);CEP55(S428);CEP55(S425);CDC7(T376);CDC27(T446);CDC27(S426);CDC25C(T67);CDC25C(T67);CDC25C(T48);CDC25C(T48);CDC25C(T130);CDC25C(S214);CDC25C(S214);CDC25C(S168);CDC25C(S122);CDC25B(S321);CDC25B(S160);CDC25A(S18);CDC25A(S116);CDC23(T565);CDC16(S560);CASP9(T125);CASP8(S387);BUB1B(T620);BUB1(T609);BRCA1(S1497);BRCA1(S1191);BRCA1(S1189);BIRC5(T34);BCL2(T56);AR(S83);APLP2(T736);ANAPC1(S355);
CDK11A,1,CDK11B(T726);
CDK11B,2,EIF3F(T119);EIF3F(S46);
CDK12,13,POLR2A(S1948);POLR2A(S1941);POLR2A(S1931);POLR2A(S1924);POLR2A(S1917);POLR2A(S1910);POLR2A(S1896);POLR2A(S1889);POLR2A(S1882);POLR2A(S1878);POLR2A(S1875);POLR2A(S1868);POLR2A(S1861);
CDK14,1,LRP6(S1490);
CDK19,1,PAK1(S174);
CDK2,147,ZC3HC1(S395);ZBTB16(T282);ZBTB16(S197);WEE1(S123);UBTF(S389);UBE2R2(S233);UBE2A(S120);TP73(T86);TP63(T491);TP63(S560);TP63(S477);TP53(S315);TK1(S13);TFCP2(S309);SP1(S59);SMAD3(T8);SMAD3(T8);SMAD3(T179);SMAD3(T179);SMAD3(S213);SMAD3(S213);SMAD3(S208);SMAD3(S204);SKP2(S64);SIRT2(S368);SF3B1(T313);SF3B1(T248);SF3B1(T244);RUNX1(T273);RUNX1(S276);RUNX1(S276);RUNX1(S266);RUNX1(S249);RRN3(S44);RPL12(S38);RBL2(T694);RBL2(T642);RBL2(T417);RBL2(T1097);RBL2(S952);RBL2(S688);RBL2(S662);RBL2(S639);RBL2(S413);RBL2(S1112);RBL2(S1080);RBL2(S1068);RBL2(S1044);RBBP8(T847);RB1(T821);RAD9A(S328);PTPN2(S304);PTHLH(T121);PRKAR1A(S83);PRDX1(T90);PPP1CA(T320);PGR(T430);PGR(S676);PGR(S554);PGR(S294);PGR(S25);PGR(S213);PGR(S20);PELP1(S991);ORC2(T226);ORC2(T116);NR3C1(S211);NR3C1(S203);NPM1(T234);NPM1(T234);NPM1(S70);NPAT(T1350);NPAT(T1270);NFYA(S326);NFYA(S320);MYOD1(S200);MYBL2(T520);MYBL2(T518);MYBL2(T515);MYBL2(T494);MYBL2(T487);MYBL2(T444);MYBL2(T440);MYBL2(T405);MYBL2(T266);MYBL2(S577);MYBL2(S452);MYBL2(S393);MCM4(T19);MCM4(T110);MCM4(S54);MCM4(S32);MCM3(T722);MCM2(S13);LIG3(S210);LIG1(S91);LIG1(S76);LIG1(S51);ID3(S5);ID2(S5);HMGA1(S36);HIRA(T555);GRK2(S670);FZR1(S163);FZR1(S151);FOXO1(S249);FOXM1(T611);FOXK2(S428);FOXK2(S373);ESR1(S294);ESR1(S118);ESR1(S106);ESR1(S104);DNMT1(S154);DLG1(S443);DLG1(S158);CROCC(S1460);COIL(S184);CHEK1(S301);CHEK1(S286);CEBPB(T235);CDX2(S295);CDX2(S291);CDX2(S287);CDX2(S283);CDKN2D(T141);CDKN2D(S76);CDKN1B(T187);CDKN1A(S130);CDK7(T170);CDK7(S164);CDK2(T160);CDC6(S74);CDC6(S54);CDC6(S106);CDC25C(S214);CDC25A(S263);CCNE1(T395);CCNE1(S399);CCNE1(S387);CCNA2(S154);CCDC6(S244);BRCA1(S1497);ATRIP(S239);ATRIP(S224);ARID4A(S864);ARID4A(S1007);
CDK20,2,ICK(T157);CDK2(T160);
CDK3,8,TFCP2(S309);RB1(S811);LIN9(T96);JUN(S73);JUN(S63);CABLES1(S313);CABLES1(S273);ATF1(S63);
CDK4,23,SMAD3(T8);SMAD3(T179);SMAD3(S213);SMAD3(S208);SMAD3(S204);RUNX3(S356);RBL1(T369);RBL1(S964);RBL1(S650);RB1(T826);RB1(S811);RB1(S795);RB1(S780);RB1(S249);RASSF1(S207);PRDX1(T90);PELP1(S991);PELP1(S477);FOXM1(T627);FOXM1(T620);FOXM1(T611);FOXM1(S4);BRCA1(S632);
CDK5,78,TP53(S46);TP53(S33);TP53(S20);TP53(S15);TLN1(S425);SYN1(S553);SYN1(S551);STXBP2(T572);STMN1(S38);STAT3(S727);SRC(S75);RB1(S811);PTK2(S732);PSEN1(T354);PPP1R2(T73);PPP1R1B(T75);PPP1R1A(S67);PPP1CA(T320);PMAIP1(S13);PIP5K1C(S650);PIK3C3(T159);PARK2(S131);PAK1(T212);NR3C1(S211);NR3C1(S203);NOS3(S114);NFAT5(T135);NES(T315);NES(T1299);NDEL1(S242);NDEL1(S231);NDEL1(S198);MEF2A(S408);MAPT(T548);MAPT(T534);MAPT(T529);MAPT(T522);MAPT(T498);MAPT(S721);MAPT(S713);MAPT(S552);MAPT(S531);MAPT(S519);MAPT(S516);MAPT(S235);MAPK10(T131);LMTK2(S1450);HTT(S1199);HTT(S1179);HTRA2(S400);GRIN2A(S1232);EZR(T235);ERBB3(T873);ERBB3(S1123);EPRS(S886);DPYSL3(T514);DPYSL3(T509);DPYSL3(S518);DNMT1(S154);DNM1(S778);DNM1(S774);CRMP1(T509);CRMP1(S522);CORO1A(T424);CLOCK(T461);CLOCK(T451);CDK5R1(T138);CDK5R1(S8);CAMKK2(S137);CAMKK2(S133);CAMKK2(S129);ATM(S794);AR(S83);APP(T743);AMPH(S285);AMPH(S276);AMPH(S272);AGAP2(S279);
CDK5/CDK5R1,24,TP53(S315);NDEL1(T219);MAPT(T548);MAPT(T534);MAPT(T529);MAPT(T522);MAPT(T498);MAPT(S721);MAPT(S713);MAPT(S552);MAPT(S531);MAPT(S519);MAPT(S516);MAPT(S235);MAP2K1(T286);DCX(T336);DCX(T326);DCX(T289);DCX(S339);DCX(S332);DCX(S306);DCX(S297);DCX(S287);DCX(S28);
CDK6,14,RUNX1(T273);RUNX1(S397);RUNX1(S276);RUNX1(S266);RUNX1(S249);RUNX1(S21);RBL2(T401);RBL2(S672);RBL2(S1035);RB1(S811);PRDX1(T90);CDKN1B(T187);CDKN1B(S10);CDKN1A(S130);
CDK6/CCND1,2,NDEL1(T245);CTNNB1(S45);
CDK7,39,TP53(S392);TP53(S378);TP53(S376);TP53(S371);TP53(S33);RARA(S77);POLR2A(S1951);POLR2A(S1944);POLR2A(S1934);POLR2A(S1927);POLR2A(S1920);POLR2A(S1913);POLR2A(S1899);POLR2A(S1892);POLR2A(S1878);POLR2A(S1871);POLR2A(S1864);POLR2A(S1787);POLR2A(S1766);POLR2A(S1738);POLR2A(S1724);POLR2A(S1717);POLR2A(S1696);POLR2A(S1675);POLR2A(S1668);POLR2A(S1654);POLR2A(S1647);POLR2A(S1626);POLR2A(S1619);PCGF6(S30);NR5A1(S203);ESR1(S118);E2F1(T433);E2F1(S403);CDK4(T172);CDK2(T160);CDK11B(T595);CDK1(T161);AR(S516);
CDK8,12,SMAD3(T179);SMAD3(T179);SMAD3(S213);SMAD3(S208);SMAD1(S214);SMAD1(S206);SMAD1(S206);SMAD1(S195);SMAD1(S187);E2F1(S375);CCNH(S5);CCNH(S304);
CDK9,46,TP53(S392);TP53(S33);TP53(S315);SUPT5H(T814);SUPT5H(T806);SUPT5H(T799);SUPT5H(T791);SUPT5H(T784);SUPT5H(T775);SUPT5H(T768);SMAD3(T179);SMAD3(T179);SMAD3(S213);SMAD3(S208);SMAD1(S214);SMAD1(S206);SMAD1(S206);SMAD1(S195);SMAD1(S187);RCHY1(T217);RCHY1(S211);POLR2A(S1948);POLR2A(S1941);POLR2A(S1931);POLR2A(S1924);POLR2A(S1917);POLR2A(S1910);POLR2A(S1896);POLR2A(S1889);POLR2A(S1882);POLR2A(S1878);POLR2A(S1875);POLR2A(S1868);POLR2A(S1861);POLR2A(S1784);POLR2A(S1763);POLR2A(S1735);POLR2A(S1721);POLR2A(S1714);POLR2A(S1693);POLR2A(S1672);POLR2A(S1665);POLR2A(S1651);POLR2A(S1644);POLR2A(S1623);POLR2A(S1616);
CDKL5,3,LRRC4C(S631);CDKL5(T169;Y171);AMPH(S293);
CHEK1,35,TP73(S47);TP53(T387);TP53(T18);TP53(S378);TP53(S37);TP53(S366);TP53(S20);TP53(S15);TLK1(S743);SYK(S295);SNCB(Y127);RB1(S612);RASSF1(S188);RAD51(T309);NFKB1(S328);NEK11(S273);MDM4(S367);MDM4(S342);H3F3A; H3F3B(T12);FANCE(T346);FANCE(S374);FANCD2(S331);E2F3(S124);CLSPN(T916);CHEK1(S296);CDC25C(S216);CDC25B(S230);CDC25A(T507);CDC25A(S76);CDC25A(S293);CDC25A(S279);CDC25A(S178);CDC25A(S124);BLM(S646);AURKB(S331);
CHEK2,32,XRCC1(T284);VHL(S111);TTK(T288);TP53(T18);TP53(T18);TP53(S378);TP53(S378);TP53(S37);TP53(S37);TP53(S366);TP53(S20);TP53(S15);TP53(S15);RB1(S612);RASGRF1(S287);PML(S117);MDM4(S367);MDM4(S342);MAPT(S579);FOXM1(S376);E2F1(S364);CHEK2(T68);CHEK2(T387);CHEK2(T383);CHEK2(S516);CHEK2(S379);CDC25C(S216);CDC25A(S293);CDC25A(S279);CDC25A(S178);CDC25A(S124);BRCA1(S988);
CHUK,32,TRAF4(S426);TAX1BP1(S666);TAX1BP1(S593);RELA(S536);RELA(S536);NFKBIA(S36);NFKBIA(S32);NFKB2(S870);NFKB2(S866);NFKB1(T931);NFKB1(S932);NFKB1(S927);NFKB1(S923);NCOR2(S2418);NCOA3(S857);MAP3K14(T559);IKBKB(S181);IKBKB(S177);H3F3A; H3F3B(S11);FOXO3(S644);FOXA2(S111);FOXA2(S107);CYLD(S444);CYLD(S441);CYLD(S439);CYLD(S436);CYLD(S432);CYLD(S422);CYLD(S418);CREBBP(S1386);CREBBP(S1382);CCND1(T286);
CLK1,4,PTPN1(S50);PTPN1(S243);PTPN1(S242);ABL1(T735);
CLK2,4,PTPN1(S50);PTPN1(S243);PTPN1(S242);CLK2(S142);
CLK4,1,ABL1(T735);
CRK,1,PTK2(Y397);
CRTC2,1,AKT1(S473);
CSF1R,6,CSF1R(Y969);CSF1R(Y809);CSF1R(Y723);CSF1R(Y708);CSF1R(Y699);CSF1R(Y561);
CSK,11,SRC(Y530);PTPRC(Y1216);LYN(Y508);LCK(Y505);GSN(Y86);GSN(Y651);GSN(Y603);GSN(Y465);GSN(Y409);FGR(Y523);CSK(Y304);
CSN1S1,1,RELA(S529);
CSNK1A1,45,YWHAZ(T232);YWHAQ(S232);TP53(S20);SNCA(S87);SNCA(S129);SLC18A2(S513);SLC18A2(S511);RHOB(S185);PSEN2(S9);PSEN2(S7);PSEN2(S19);NFATC3(T210);NFATC3(T204);NFATC3(S215);NFATC3(S211);NFATC3(S207);MDM4(S289);LRP6(T1493);LGALS3(S6);LGALS3(S12);HNRNPC(S299);HNRNPC(S260);HNRNPC(S253);FOXO3(S321);FOXO3(S318);FOXG1(S19);FADD(S194);EIF2B5(S469);EIF2B5(S466);DEPTOR(S291);DEPTOR(S287);DEPTOR(S286);CTPS2(S568);CTNNB1(S45);CREB1(S114);CREB1(S111);CREB1(S108);CDC25A(S82);CDC25A(S79);BID(T59);BID(S64);AXIN1(S77);AXIN1(S75);AXIN1(S469);AHCYL1(S77);
CSNK1A1L,1,CTNNB1(S45);
CSNK1D,38,YAP1(S403);YAP1(S400);WWTR1(S314);UHRF1(S95);TP53(T18);TP53(S20);PSEN2(S9);PSEN2(S7);PSEN2(S335);PSEN2(S330);PSEN2(S327);PSEN2(S19);PRH1; PRH2(S24);PER2(S662);NCOA3(S601);MDM2(S269);MDM2(S262);MDM2(S253);MDM2(S246);MDM2(S166);MDM2(S121);MDM2(S118);MAPT(T522);MAPT(S721);MAPT(S519);MAPT(S396);KIR3DL1(S388);KIR3DL1(S385);HIF1A(S247);GJA1(S330);GJA1(S328);GJA1(S325);DVL2(T224);DVL2(S143);CTNNB1(S45);CDK5(S159);BACE1(S498);AXIN1(S46);
CSNK1E,32,YAP1(S403);YAP1(S400);WWTR1(S314);PER3(T635);PER3(S634);PER3(S633);PER3(S628);PER3(S625);PER3(S622);PER2(S662);LRP6(S1430);LRP6(S1420);EIF4EBP1(T50);EIF4EBP1(T41);DVL2(T224);DVL2(S143);DVL1(S142);DVL1(S139);CTNND1(S268);CTNNB1(S45);CSNK1E(T407);CSNK1E(T337);CSNK1E(T334);CSNK1E(T325);CSNK1E(S408);CSNK1E(S405);CSNK1E(S368);CSNK1E(S323);BID(T59);BID(S64);APC(S1392);APC(S1279);
CSNK1G1,3,LRP6(T1479);FOXO1(S325);FOXO1(S322);
CSNK1G2,2,SMAD3(S418);COL4A3BP(S132);
CSNK2A1,333,YY1(S118);XRCC1(T523);XRCC1(T519);XRCC1(T488);XRCC1(S518);XRCC1(S485);XRCC1(S475);WASF2(S497);WASF2(S488);WASF2(S484);WASF2(S482);WAS(S484);WAS(S483);VTN(T76);VTN(T69);VDR(S208);VAMP4(S30);UBE2R2(S233);TWIST1(S20);TWIST1(S18);TTI1(S828);TSPY1(T300);TP53(T155);TP53(S392);TOP2A(T1343);TOP2A(S1525);TOP2A(S1377);TNFAIP1(S280);TLE1(S253);TLE1(S239);TFAP2A(S429);TERF1(T122);TELO2(S491);TELO2(S487);TCF7L2(S60);TCF7L2(S59);TCF7L2(S58);STX1A(S14);STARD10(S284);SSRP1(S688);SSRP1(S657);SSRP1(S510);SSB(S366);SSB(S366);SRF(S85);SRF(S83);SRF(S79);SRF(S77);SPTBN1(T2159);SPTBN1(S2110);SPIB(S37);SPIB(S146);SPIB(S144);SPIB(S129);SP1(T579);SNCA(S87);SNCA(S129);SNAI1(S92);SNAI1(S11);SMC3(S1067);SLK(S348);SLK(S347);SLC18A2(S513);SLC18A2(S511);SIRT1(S661);SIRT1(S659);SHOX(S106);SET(S9);SEPT2(S218);SAT1(S149);SAT1(S146);RRN3(S172);RRN3(S170);RRAD(S299);RRAD(S290);RRAD(S273);RRAD(S257);RRAD(S214);RNF7(T10);RGS19(S24);RELA(S543);RELA(S529);RELA(S529);RANGAP1(S358);PTPRC(S999);PTPRC(S1007);PTPRC(S1003);PTPRC(S1002);PTGES3(S118);PTGES3(S113);PTEN(T383);PTEN(T382);PTEN(T366);PTEN(S385);PTEN(S380);PTEN(S370);PSMA3(S250);PSMA3(S243);PSEN2(S9);PSEN2(S7);PSEN2(S335);PSEN2(S330);PSEN2(S327);PSEN2(S19);PRPF3(T494);PPP1R8(T161);PPP1R8(S204);PPP1R2(S87);PPP1R2(S122);PPP1R2(S121);PPP1R1B(S45);PPP1R1B(S102);PML(S565);PML(S518);PKD2(S812);PIP4K2A(S304);PIAS1(S468);PIAS1(S467);PIAS1(S466);PGR(S81);PDCL(S25);PDCL(S20);PDCL(S19);PDCL(S18);PDCD5(S119);PACS1(S278);NR1H3(S198);NPHP1(S126);NPHP1(S123);NPHP1(S121);NKX2-5(S164);NFKBIA(T291);NFKBIA(S36);NFKBIA(S32);NFKBIA(S293);NFKBIA(S288);NFKBIA(S283);MYH9(S1943);MYH9(S1943);MYF5(S49);MYF5(S133);MYCN(S263);MYCN(S261);MYB(S12);MYB(S11);MS4A1(T250);MS4A1(S289);MS4A1(S231);MME(S6);MEF2C(S59);MDC1(T455);MDC1(T378);MDC1(T301);MDC1(S376);MDC1(S299);MCM2(S13);MAZ(S460);MAX(S2);MAX(S11);MAPK9(T404);MAPK9(S407);LIG1(S66);L1CAM(S1181);KLF1(T23);KIF1C(S1092);JUN(T231);JUN(S249);IRS1(T88);IRS1(T811);IRS1(T502);IRS1(S99);IRS1(S330);IRS1(S24);IL16(S743);IKZF1(T23);IKZF1(S63);IKZF1(S295);IKZF1(S13);IKZF1(S101);IGFBP3(S140);IGFBP3(S138);IGF2R(S2484);IGF2R(S2409);IFI16(S132);HSPH1(S509);HSP90AB1(S255);HSP90AB1(S226);HSP90AA1(S263);HSP90AA1(S231);HSF1(T142);HOXB7(T204);HOXB7(S133);HNRNPC(S260);HMOX2(S79);HMGN1(S99);HMGN1(S89);HMGN1(S8);HMGN1(S7);HMGA1(S99);HMGA1(S103);HMGA1(S102);HIF1A(T796);HES6(S183);HDAC3(S424);HDAC2(S424);HDAC2(S422);HDAC2(S394);HDAC1(S423);HDAC1(S421);HCLS1(T23);HCLS1(T16);GYS1(T713);GYS1(S698);GYS1(S656);GYS1(S653);GYS1(S649);GYS1(S645);GYS1(S10);GTF2A1L(S423);GTF2A1L(S418);GTF2A1L(S357);GTF2A1L(S356);GTF2A1(S321);GTF2A1(S316);GTF2A1(S281);GTF2A1(S280);GRIN2B(S1479);GPI(S185);GMFB(S53);GAP43(S203);GAP43(S202);FOSB(S27);FKBP4(T143);FAF1(S291);FAF1(S289);F5(S692);EXOSC9(S394);EXOSC9(S392);ESR1(S559);ESR1(S282);ESR1(S167);EIF5(S390);EIF5(S389);EIF5(S174);EIF4EBP1(S112);EIF2S2(S67);EIF2S2(S2);EIF2B5(S718);EIF2B5(S717);EGR1(T526);EGR1(T391);EGR1(S378);EEF1D(S162);EEF1B2(S112);EEF1B2(S106);DEK(S32);DDX58(T770);DDX58(S855);DDX58(S854);DDIT3(S31);DDIT3(S30);DDIT3(S15);DDIT3(S14);DAXX(S739);DAXX(S737);CTNNB1(T393);CTNNB1(T112);CTNNB1(T102);CTNNB1(S29);CTNNA1(S641);CTDP1(S740);CTDP1(S575);CORO1C(S463);CLTB(S13);CLTB(S11);CLIP1(S1364);CFTR(T1471);CFTR(S511);CFTR(S422);CDK1(S39);CDH1(S853);CDH1(S851);CDH1(S838);CDC37(S13);CDC34(T233);CDC34(S236);CDC34(S231);CDC34(S222);CDC34(S203);CDC27(S154);CDC25C(T236);CDC25B(S187);CDC25B(S186);CD5(S485);CD5(S483);CD5(S482);CBX5(S14);CBX5(S13);CBX5(S12);CBX5(S11);CBX1(T51);CAV2(S36);CAV2(S23);CAV1(S88);CASQ2(S385);CASP2(S157);CARD9(T533);CARD9(T531);CAPZA1(S9);C1R(S206);BRCA1(S1572);BID(T59);BID(S64);ATF1(S63);ATF1(S44);ATF1(S41);ATF1(S38);ATF1(S36);ARRB2(T382);ARNT(S77);AQP4(S316);AQP4(S285);AQP4(S276);APEX1(S123);ANP32B(T244);AMPH(T387);AMPH(T350);AKT1(S129);AIP(S43);ACACA(S29);ABCF1(S140);ABCF1(S109);ABCC1(T249);
CSNK2A2,85,XRCC1(T523);XRCC1(T519);XRCC1(S518);WAS(S484);WAS(S483);UBE2R2(S233);TCF7L2(S60);TCF7L2(S59);TCF7L2(S58);STX1A(S14);SPIB(S37);SPIB(S146);SPIB(S144);SPIB(S129);SMC3(S1067);SLC18A2(S513);SLC18A2(S511);SET(S9);SAT1(S149);SAT1(S146);RGS19(S24);PTPRC(S999);PTPRC(S1007);PTPRC(S1003);PTPRC(S1002);PTEN(T366);PTEN(S385);PTEN(S370);PPP1R8(T161);PPP1R8(S204);PPP1R2(S87);PPP1R2(S122);PPP1R2(S121);PPP1R1B(S45);PPP1R1B(S102);NKX3-1(T93);NKX3-1(T89);MYF5(S49);MYF5(S133);MYCN(S263);MYCN(S261);MS4A1(T250);MS4A1(S289);MS4A1(S231);KLF1(T23);KIF1C(S1092);IL16(S743);HSPH1(S509);HSF1(T142);HNRNPC(S260);HMGA1(S99);HMGA1(S103);HMGA1(S102);HDAC2(S424);HDAC2(S422);HDAC2(S394);HDAC1(S423);HDAC1(S421);GTF2A1L(S423);GTF2A1L(S418);GTF2A1L(S357);GTF2A1L(S356);GTF2A1(S321);GTF2A1(S316);GTF2A1(S281);GTF2A1(S280);EIF4EBP1(S112);EIF2B5(S718);EIF2B5(S717);EEF1B2(S112);EEF1B2(S106);CTDP1(S740);CTDP1(S575);CLTB(S13);CLTB(S11);CDC37(S13);CAV1(S88);CASQ2(S385);BID(T59);BID(S64);ARRB2(T382);AQP4(S316);AQP4(S285);AQP4(S276);ACACA(S29);
CSNK2B,36,USO1(S942);SET(S9);RNF7(T10);OCLN(T404);OCLN(S408);MME(S6);IRS1(T88);IRS1(T811);IRS1(T502);IRS1(S99);IRS1(S330);IRS1(S24);IKZF1(T23);IKZF1(S63);IKZF1(S295);IKZF1(S13);IKZF1(S101);HOXB6(S214);EIF5(S390);EIF5(S389);EIF5(S174);CTNNB1(T112);CTNNB1(T102);CTNNB1(S29);CTDP1(S740);CTDP1(S575);CSNK2B(S2);CDC34(T233);CDC34(S236);CDC34(S231);CDC34(S222);CDC34(S203);CD163(S1085);BRCA1(S1572);BID(T59);BID(S64);
CyclinA2/CDK2,28,UBTF(S389);TSPYL2(T340);TSPYL2(S20);TP53(S392);TP53(S315);SP1(S59);RUNX1(S276);RB1(T821);RAD9A(S328);ORC2(T226);ORC2(T116);MYBL2(T494);MYBL2(T487);MYBL2(T444);MYBL2(S577);MCM4(T110);MCM4(S54);MCM4(S32);ID2(S5);ESR1(S118);ESR1(S106);ESR1(S104);CEBPB(T235);CDC7(T376);CDC6(S74);CDC6(S54);CDC6(S106);CABLES1(S273);
CyclinB/CDK1,58,ZC3HC1(S395);TSC1(T417);TSC1(T1047);TSC1(S584);TP73(T86);SREBF1(S439);SQSTM1(T269);SQSTM1(S272);SP1(T739);SIRT1(S540);RUNX1(S397);RUNX1(S21);RANGAP1(T409);RANGAP1(S442);RANGAP1(S428);PLEC(T4539);PBK(T9);NPM1(T237);NPM1(T234);NPM1(T199);NME1(S120);NCOA3(S728);MYOD1(S5);MYOD1(S200);MEF2C(S396);MCL1(T92);MASTL(T207);MASTL(T194);MAPK6(T698);MAPK6(S705);MAPK6(S688);MAPK6(S684);LATS1(S613);KMT5A(S100);KIF22(T463);KAT5(S90);KAT5(S86);IREB2(S157);FOXM1(T611);FOXM1(S251);ECT2(T846);ECT2(T373);DDX3X(T323);DDX3X(T204);CKAP2(T623);CDC7(T376);CDC25C(T67);CDC25C(T48);CDC25C(T130);CDC25C(S214);CDC25C(S122);CDC25B(S160);CDC25A(S116);CASP9(T125);CASP8(S387);AMPH(S285);AMPH(S276);AMPH(S272);
CyclinD/CDK4,11,UBTF(S484);RUNX3(S356);RB1(T826);RB1(T5);RB1(T356);RB1(T356);RB1(S795);RB1(S788);RB1(S780);RASSF1(S207);BRCA1(S632);
CyclinE/CDK2,24,UBTF(S484);UBTF(S389);TP73(T86);TFCP2(S309);SIRT2(S368);SF3B1(T313);SF3B1(T248);SF3B1(T244);RRN3(S44);RB1(S612);RB1(S608);PRKAR1A(S83);PRC1(T481);PRC1(T470);NPM1(T234);NPM1(T234);NPM1(T199);MYOD1(S200);MCM3(T722);ID2(S5);HIRA(T555);COIL(S184);CDC7(T376);CDC25C(S214);
DAPK1,7,TP53(T18);TP53(S20);STX1A(S188);MCM3(S160);DAPK1(S308);CAMKK2(S511);BECN1(T119);
DAPK2,1,DAPK2(S318);
DAPK3,14,TP53(S20);RPL13A(S77);MYL9(T19);MYL9(S20);MYL12B(T19);MYL12B(S20);MDM2(S166);DAPK3(T306);DAPK3(T299);DAPK3(T265);DAPK3(T225);DAPK3(T180);DAPK3(S311);CDKN1A(T145);
DDR1,1,DDR1(Y513);
DMPK,1,SRF(T159);
DUSP26,1,FADD(S194);
DYRK1A,27,TP53(S15);SRSF1(S238);SPRY2(T75);SNCA(S87);SF3B1(T434);RCAN1(S167);MAPT(T529);MAPT(S721);MAPT(S519);FOXO3(S330);FOXO1(S329);DYRK1A(Y321);DYRK1A(Y319);DYRK1A(S529);DNM1(S857);DNM1(S795);CCNL2(S369);CCNL2(S338);CCNL2(S330);CCND1(T286);AMPH(T310);AMPH(S295);AMPH(S293);AMPH(S285);AMPH(S276);AMPH(S272);AMPH(S262);
DYRK1B,8,HNF1A(S249);HDAC9(S240);HDAC5(S279);DYRK1B(Y273);DYRK1B(Y271);CDKN1B(S10);CDKN1A(S153);CCND1(T288);
DYRK2,13,TP53(S46);SIAH2(T26);SIAH2(T119);SIAH2(S68);SIAH2(S28);SIAH2(S16);JUN(S243);DPYSL3(T514);DPYSL3(T509);DPYSL3(S518);CARHSP1(S41);CARHSP1(S32);CARHSP1(S30);
EEF2K,3,EEF2K(S445);EEF2(T59);EEF2(T57);
EGFR,58,VAV2(Y172);VAV2(Y159);VAV2(Y142);STAT5B(Y743);STAT5B(Y740);STAT5B(Y725);STAT5B(Y699);STAM2(Y192);SCAMP3(Y41);RGS16(Y177);RGS16(Y168);RASA1(Y460);PTPN1(Y66);PTK2(Y5);PTK2(Y194);PLD2(Y179);PLCG1(Y783);PLCG1(Y771);PLCG1(Y472);PLCG1(Y1253);PKIA(Y8);PCNA(Y211);MUC1(Y1229);HGS(Y334);HGS(Y329);HDAC6(Y570);GSTP1(Y8);GSTP1(Y4);GSTP1(Y199);GRB2(Y209);GAB1(Y659);GAB1(Y627);GAB1(Y589);GAB1(Y472);GAB1(Y447);GAB1(Y406);GAB1(Y373);GAB1(Y307);GAB1(Y285);EZR(Y354);EZR(Y146);ERRFI1(Y394);ERBB3(Y1289);ERBB3(Y1276);ERBB2(Y1248);EPS15(Y849);EPB41(Y660);EGFR(Y869);EGFR(Y1197);EGFR(Y1172);EGFR(Y1110);EGFR(Y1092);EGFR(Y1069);EGFR(Y1016);CTNND1(Y228);CRK(Y221);CALM1; CALM2; CALM3(Y100);ANXA1(Y21);
EIF2AK1,2,EIF2S1(S52);EIF2S1(S49);
EIF2AK2,17,TP53(S392);PPP2R5A(S28);NFKBIA(S32);EIF2S1(S52);EIF2AK2(Y293);EIF2AK2(Y162);EIF2AK2(Y101);EIF2AK2(T90);EIF2AK2(T89);EIF2AK2(T88);EIF2AK2(T451);EIF2AK2(T446);EIF2AK2(T258);EIF2AK2(T255);EIF2AK2(S83);EIF2AK2(S242);CDK1(Y4);
EIF2AK3,3,EIF2S1(S52);EIF2AK3(Y619);EIF2A(S265);
EIF2AK4,2,MARS(S662);EIF2A(S265);
ELOC,1,HIST1H1A(S183);
EPHA2,4,EPHA2(Y772);EPHA2(Y735);EPHA2(Y594);EPHA2(Y588);
EPHA3,3,EPHA3(Y779);EPHA3(Y602);EPHA3(Y596);
EPHA4,2,EPHA4(Y602);EPHA4(Y596);
EPHA8,2,EPHA8(Y839);EPHA8(Y616);
EPHB1,2,EPHB1(Y928);EPHB1(Y594);
EPHB2,2,RRAS(Y66);EPHB2(Y602);
EPHB3,1,EPHB3(Y614);
ERBB2,9,ERBB2(Y1248);ERBB2(Y1222);ERBB2(Y1221);ERBB2(Y1196);ERBB2(Y1139);ERBB2(Y1112);ERBB2(Y1023);DOCK7(Y1257);CDK1(Y15);
ERK1/2,92,TSC2(S664);TSC2(S540);STK11(S428);SREBF1(S117);SPHK1(S225);SOS1(S1197);SOS1(S1193);SOS1(S1178);SOS1(S1167);SOS1(S1132);SMAD4(T277);SMAD2(T8);SMAD2(T220);SMAD2(S255);SMAD2(S250);SMAD2(S245);RXRA(S260);RUNX1(T273);RUNX1(S276);RUNX1(S266);RUNX1(S249);RPS6KA5(T581);RPS6KA5(S376);RPS6KA5(S360);RPS6KA3(T577);RPS6KA3(S227);RPS6KA1(T573);RPS6KA1(T359);RPS6KA1(S732);RPS6KA1(S380);RPS6KA1(S363);RPS6KA1(S221);RAF1(S301);RAF1(S296);RAF1(S289);PPARG(S112);PARP1(T373);PARP1(S372);MYC(S62);MYB(S532);MITF(S180);MAPK3(T207);MAP2K1(T386);MAP2K1(T292);JAK2(S523);HNRNPK(S353);HDAC6(T1031);HDAC6(S1035);H3F3A; H3F3B(S29);GPHN(S268);GAB1(T476);GAB1(T312);GAB1(S597);GAB1(S454);FOS(T331);FOS(T325);FOS(T232);FOS(S374);FGFR1(S777);ESR1(S118);ESR1(S106);ESR1(S104);EP300(S2366);EP300(S2315);EP300(S2279);ELK1(T336);ELK1(S422);ELK1(S389);ELK1(S383);ELK1(S324);EGFR(T693);CSNK2A1(T360);CSNK2A1(S362);CIC(S1409);CEBPB(T235);CDKN1B(S178);CDKN1B(S10);CDKN1A(T57);CDKN1A(S130);CDK2(T160);CASP8(S387);BRAF(T401);BCL2(T74);BCL2(T56);BCL2(S87);BCL2(S70);AR(S516);AP1(T331);AP1(T325);AP1(T232);AP1(S374);ADAM17(T735);
FER,5,JUP(Y550);FER(Y714);CTTN(Y421);CTNNB1(Y142);AR(Y225);
FES,6,FES(Y811);FES(Y713);BCR(Y283);BCR(Y279);BCR(Y246);BCR(Y177);
FGFR1,23,SYNCRIP(Y373);PDK1(Y244);PDK1(Y243);PDK1(Y136);LDHA(Y83);LDHA(Y10);FGFR1(Y766);FGFR1(Y730);FGFR1(Y654);FGFR1(Y653);FGFR1(Y605);FGFR1(Y585);FGFR1(Y583);FGFR1(Y463);FGFR1(Y307);FGFR1(Y280);FGFR1(Y154);CTTN(Y446);BCAR1(Y410);BCAR1(Y327);BCAR1(Y306);BCAR1(Y249);BCAR1(Y128);
FGFR2,1,PTEN(Y240);
FGFR3,9,STAT3(Y705);STAT1(Y701);PTEN(Y240);FGFR3(Y770);FGFR3(Y760);FGFR3(Y724);FGFR3(Y648);FGFR3(Y647);FGFR3(Y577);
FGFR4,5,STAT3(Y705);STAT1(Y701);FGFR4(Y754);FGFR4(Y643);FGFR4(Y642);
FGR,4,SRC(Y530);PTK2(Y925);HCLS1(Y222);FGR(Y412);
FLT1,5,FLT1(Y1333);FLT1(Y1327);FLT1(Y1242);FLT1(Y1213);FLT1(Y1169);
FLT3,8,STAT5A(Y694);SHC1(Y427);SHC1(Y350);SHC1(Y349);FLT3(Y599);FLT3(Y597);FLT3(Y591);FLT3(Y589);
FLT4,10,SHC1(Y427);SHC1(Y350);SHC1(Y349);RPS6KA3(Y707);FLT4(Y1363);FLT4(Y1337);FLT4(Y1333);FLT4(Y1265);FLT4(Y1231);FLT4(Y1230);
FYN,65,TXK(Y420);TOM1L1(Y460);SLAMF1(Y327);SLAMF1(Y307);SLAMF1(Y281);SHC1(Y427);SHC1(Y350);SHC1(Y349);SCN5A(Y1495);RPS6KA3(Y529);PLCG2(Y759);PLCG2(Y753);NMT1(Y180);MED28(Y64);MAPT(Y18);MAPK14(Y323);MAG(Y620);LAT(Y220);LAT(Y200);JUP(Y550);ITPR1(Y353);ITCH(Y420);H3F3A; H3F3B(S11);GRIN2B(Y932);GRIN2B(Y1474);GRIN2B(Y1474);GRIN2B(Y1336);GRIN2B(Y1252);GRIN2B(Y1109);GRIN2B(Y1070);GRIN2B(Y1039);GRIN2A(Y1387);GRIN2A(Y1325);GRIN2A(Y1267);GRIN2A(Y1105);GRB10(Y67);FYN(Y420);FYN(Y39);FYN(Y30);FYN(Y28);FYB(Y651);FYB(Y595);FCGR2A(Y304);FCGR2A(Y288);DLG4(Y523);CTNNB1(Y142);CTLA4(Y218);CTLA4(Y201);CNN3(Y261);CNN1(Y261);CNN1(Y182);CHN2(Y21);CDK5(Y15);CD79B(Y207);CD79B(Y196);CD79A(Y199);CD5(Y487);CD5(Y453);CBL(Y731);CAV1(Y14);ARHGAP33(Y406);AGAP2(Y1130);AGAP2(Y1038);ACP1(Y133);ACP1(Y132);
GRK1,6,RHO(S343);RHO(S338);RHO(S334);GRK1(T492);GRK1(S491);GRK1(S21);
GRK2,31,SNCG(S124);SNCA(S129);RPLP2(S105);RPLP2(S102);PDE6G(T62);PDE6G(T62);OPRM1(T356);OPRM1(S358);OPRM1(S357);OPRD1(T358);OPRD1(S363);MC4R(T312);MC4R(S330);MC4R(S329);MAPK14(T123);FPR1(T339);FPR1(T336);FPR1(T334);FPR1(T331);FPR1(T329);FPR1(S332);FPR1(S328);EZR(T567);CLTB(S205);BDKRB2(S375);BDKRB2(S373);BDKRB2(S366);ADRA2A(S299);ADRA2A(S298);ADRA2A(S297);ADRA2A(S296);
GRK3,8,OPRM1(T182);CCR5(S349);CCR5(S342);CCR5(S337);CCR5(S336);BDKRB2(S375);BDKRB2(S373);BDKRB2(S366);
GRK4,3,BDKRB2(S375);BDKRB2(S373);BDKRB2(S366);
GRK5,14,TP53(T55);SNCB(S118);SNCA(S129);GRK5(T485);GRK5(S484);BDKRB2(S375);BDKRB2(S373);BDKRB2(S366);ADRB2(T393);ADRB2(T384);ADRB2(S411);ADRB2(S407);ADRB2(S401);ADRB2(S396);
GRK6,7,SLC9A3R1(S290);LTB4R(T308);GRK6(T485);GRK6(S484);BDKRB2(S375);BDKRB2(S373);BDKRB2(S366);
GSK3A,20,SFPQ(T687);PKD2(S76);MYC(T58);MITF(S405);MCL1(S159);MAPT(S641);MAPT(S579);MAFA(T57);MAFA(T53);MAFA(S61);MAFA(S49);JUN(T239);JUN(S249);JUN(S243);GYS1(S641);GSK3A(Y279);EIF2B5(S540);CAMKK2(S137);CAMKK2(S133);CAMKK2(S129);
GSK3B,157,TP53(S33);SREBF1(T426);SREBF1(S434);SREBF1(S430);SPAG5(T978);SPAG5(T937);SPAG5(T111);SPAG5(S974);SNCAIP(S556);SNAI1(S96);SNAI1(S119);SNAI1(S115);SNAI1(S111);SNAI1(S107);SNAI1(S104);SNAI1(S100);SMAD3(T66);SFPQ(T687);ROR2(S864);RELA(S468);RCAN1(S163);RBM38(S195);PTEN(T366);PSEN1(S357);PSEN1(S353);PRKCE(S346);PPP1R2(T73);PHLPP1(S1359);NR3C1(S404);NR1D1(S59);NR1D1(S55);NOTCH2(T2074);NOTCH2(T2068);NOTCH2(S2093);NOTCH2(S2070);NFKB1(S907);NFKB1(S903);NFE2L1(S379);NEFH(S503);NACA(T2022);MYOCD(S638);MYOCD(S634);MYOCD(S630);MYOCD(S626);MYOCD(S463);MYOCD(S459);MYOCD(S455);MYOCD(S451);MYC(T58);MYC(T58);MUC1(S1227);MNX1(S79);MNX1(S77);MCL1(S159);MAPT(T548);MAPT(T534);MAPT(T529);MAPT(T522);MAPT(T498);MAPT(S721);MAPT(S717);MAPT(S713);MAPT(S579);MAPT(S531);MAPT(S519);MAPT(S516);MAPT(S515);MAPT(S512);MAPT(S400);MAPT(S396);MAFA(T57);MAFA(T53);MAFA(S61);MAFA(S49);LRP6(S1490);KLF5(S303);KAT5(S86);JUN(T239);JUN(S249);JUN(S243);HSF1(S303);HNRNPD(S83);HIST1H1B(T11);HDAC4(S302);HDAC4(S298);GYS1(S653);GYS1(S649);GYS1(S645);GYS1(S641);GSK3B(Y216);GPHN(S270);GLI2(S863);GLI2(S832);GLI2(S820);FBXO4(S12);ESR1(S118);ESR1(S106);ESR1(S104);ESR1(S102);EIF4EBP1(T46);EIF4EBP1(T37);EIF2B5(S540);EIF2B5(S535);DPYSL3(T514);DPYSL3(T509);DPYSL3(S522);DPYSL3(S518);DPYSL2(T514);DPYSL2(S518);DCX(S408);CTNND1(T310);CTNND1(S252);CTNNB1(T41);CTNNB1(T41);CTNNB1(S37);CTNNB1(S37);CTNNB1(S33);CTNNB1(S33);CRMP1(T514);CRMP1(T509);CRMP1(S518);CREB1(S129);CIITA(S373);CEBPB(T235);CEBPB(T226);CEBPB(S231);CEBPA(T230);CEBPA(T226);CDX2(S295);CDX2(S291);CDX2(S287);CDX2(S283);CDKN1A(S114);CDH1(S847);CDC25A(S76);CCNE1(T77);CCNE1(T395);CCND3(T283);CCND2(T280);CCND1(T286);CCND1(T286);CAMKK2(S137);CAMKK2(S133);CAMKK2(S129);CABYR(T151);CABYR(S155);BORA(S278);BORA(S274);BCL2L12(S156);BAX(S163);AXIN1(T481);AXIN1(S486);ARNTL(T21);ARNTL(S17);APP(T743);ACLY(T447);ACLY(S451);
GSK3B/Axin/APC,10,ROR2(S864);PSEN1(S357);PSEN1(S353);LRP6(S1490);CTNNB1(T41);CTNNB1(T41);CTNNB1(S37);CTNNB1(S37);CTNNB1(S33);CTNNB1(S33);
GTF2F1,2,GTF2F1(T389);GTF2F1(S385);
GTF2H1,2,E2F1(T433);E2F1(S403);
HCK,22,WAS(Y291);STAT3(Y705);RAPGEF1(Y504);PLCG2(Y759);PLCG2(Y753);PLCG1(Y783);PLCG1(Y771);PLCG1(Y1253);HCK(Y522);HCK(Y51);HCK(Y411);ELMO1(Y720);ELMO1(Y511);ELMO1(Y395);ELMO1(Y216);ELMO1(Y18);CSF3R(Y787);CSF3R(Y752);BCR/ABL fusion(Y177);BCR(Y177);ADAM15(Y735);ADAM15(Y715);
HIPK2,11,TP53(S46);PML(S8);PML(S38);PAX6(T373);PAX6(T304);PAX6(T281);HMGA1(T53);HMGA1(S36);CTBP1(S422);CREB1(S271);CDKN1B(S10);
HIPK3,1,FADD(S194);
HRAS,2,JUN(S73);JUN(S63);
ICK,2,RPTOR(T908);ICK(Y159);
IGF1R,17,PDPK1(Y376);PDPK1(Y373);IRS1(Y989);IRS1(Y941);IRS1(Y896);IRS1(Y632);IRS1(Y612);IRS1(Y465);IRS1(Y1229);IRS1(Y1179);IGF1R(Y980);IGF1R(Y973);IGF1R(Y1346);IGF1R(Y1166);IGF1R(Y1165);IGF1R(Y1161);CRK(Y221);
IKBKB,52,YWHAB(S132);TSC1(S511);TSC1(S487);RELA(S536);RELA(S468);NFKBIA(S36);NFKBIA(S32);NFKB1(S932);NFKB1(S927);NFKB1(S923);IRS1(S531);IRS1(S527);IRS1(S345);IRS1(S341);IRS1(S312);IRS1(S307);IRS1(S274);IRS1(S272);IRS1(S270);IRS1(S268);IKBKG(S85);IKBKG(S68);IKBKG(S43);IKBKG(S376);IKBKG(S31);IKBKB(S756);IKBKB(S750);IKBKB(S740);IKBKB(S733);IKBKB(S705);IKBKB(S697);IKBKB(S695);IKBKB(S692);IKBKB(S689);IKBKB(S682);IKBKB(S679);IKBKB(S675);IKBKB(S672);IKBKB(S670);FOXO3(S644);DOK1(S450);DOK1(S446);DOK1(S443);DOK1(S439);CYLD(S444);CYLD(S441);CYLD(S439);CYLD(S436);CYLD(S432);CYLD(S422);CYLD(S418);CDKN2A(S8);
IKBKE,15,STAT1(S727);RELA(S536);RELA(S468);NFKBIA(S36);IRF7(S472);IRF7(S471);IRF3(T404);IRF3(S405);IRF3(S402);IRF3(S398);IRF3(S396);IRF3(S386);IRF3(S385);FOXO3(S644);ESR1(S167);
IKBKG,1,RELA(S536);
IKK-complex,9,NFKBIA(S36);NFKBIA(S32);NCOR2(S2418);IKBKG(S85);IKBKG(S68);IKBKG(S43);IKBKG(S376);FOXO3(S644);BAD(S25);
IL6ST,4,JAK2(Y1008);JAK2(Y1007);IL6ST(S661);IL6ST(S659);
ILK,11,PPP1R14C(T73);PPP1R14A(T38);PPP1R12A(T710);PPP1R12A(T696);NACA(S43);NACA(S1906);MYL12B(T19);MYL12B(S20);ILK(S343);CFL1(S3);AKT1(S473);
INSR,48,SHC1(Y427);PTPN6(Y536);PTPN1(Y66);PTPN1(Y153);PTPN1(Y152);PTK2(Y577);PTK2(Y576);PIK3R3(Y341);PIK3R1(Y607);PIK3R1(Y580);PIK3R1(Y368);IRS2(Y632);IRS2(Y628);IRS1(Y989);IRS1(Y941);IRS1(Y896);IRS1(Y632);IRS1(Y612);IRS1(Y465);IRS1(Y1229);INSR(Y999);INSR(Y992);INSR(Y1361);INSR(Y1355);INSR(Y1190);INSR(Y1189);INSR(Y1185);INSR(Y1011);GAB1(Y659);GAB1(Y627);GAB1(Y589);GAB1(Y472);GAB1(Y447);GAB1(Y373);GAB1(Y285);GAB1(Y242);FABP4(Y20);DOK1(Y398);DOK1(Y362);CBL(Y774);CBL(Y700);CBL(Y371);CALM1; CALM2; CALM3(Y100);ADRB2(Y364);ADRB2(Y354);ADRB2(Y350);ADRB2(Y141);ADRB2(Y132);
IRAK1,11,STAT3(S727);PELI1(T86);PELI1(T288);PELI1(S82);PELI1(S78);PELI1(S76);PELI1(S293);IRAK1(T66);IRAK1(T387);IRAK1(T209);IRAK1(S376);
IRAK4,10,NCF1(T356);NCF1(T133);NCF1(S345);NCF1(S320);NCF1(S288);IRAK4(T345);IRAK4(T342);IRAK4(S346);IRAK1(T387);IRAK1(S376);
ITK,12,TEC(Y206);SIGLEC10(Y667);SIGLEC10(Y597);ITK(Y180);CD28(Y218);CD28(Y209);CD28(Y206);CD28(Y191);CD28(Y191);BTK(Y223);BMX(Y224);BMX(Y216);
JAK1,13,TYK2(Y1055);TYK2(Y1054);STAT3(Y705);STAT2(Y690);STAT1(Y701);PTPN11(Y327);PTPN11(Y304);IL2RB(Y536);IL2RB(Y418);IL2RB(Y364);IL10RA(Y496);IL10RA(Y446);IFNGR1(Y457);
JAK2,40,STAT5A(Y694);STAT5A(Y694);STAT4(Y693);STAT3(Y705);STAT3(Y705);STAT1(Y701);STAP2(Y310);STAP2(Y250);RAF1(Y341);RAF1(Y340);PTPN11(Y327);PTPN11(Y304);PRMT5(Y297);MAP3K5(Y718);JAK2(Y972);JAK2(Y966);JAK2(Y868);JAK2(Y813);JAK2(Y637);JAK2(Y570);JAK2(Y317);JAK2(Y221);JAK2(Y201);JAK2(Y1007);JAK2(S523);GTF2I(Y248);GAB2(Y643);EZH2(Y641);EPOR(Y504);EPOR(Y489);EPOR(Y485);EPOR(Y468);EPOR(Y456);EPOR(Y454);EPOR(Y426);EPOR(Y368);EGFR(Y1069);CTLA4(Y201);CCR2(Y139);ARHGEF1(Y738);
JAK3,12,STAT5A(Y694);SIGLEC10(Y691);SIGLEC10(Y667);SIGLEC10(Y597);PLD2(Y415);JAK3(Y981);JAK3(Y980);JAK3(Y939);JAK3(Y904);JAK3(Y785);JAK1(Y1035);JAK1(Y1034);
JNK,20,JUN(S73);JUN(S73);JUN(S63);IRS1(S312);HNRNPK(S353);HNRNPK(S216);FOXO4(T455);FOXO4(T451);FOXO4(T227);FOXO4(S230);CTNNB1(T41);CTNNB1(S37);BCL2L11(T116);BCL2L11(S118);BCL2L11(S104);BCL2L1(T47);BCL2L1(T115);BCL2L1(S62);ATF2(T71);ATF2(T69);
KDR,6,KDR(Y996);KDR(Y951);KDR(Y1214);KDR(Y1175);KDR(Y1059);KDR(Y1054);
KIT,6,STAT1(Y701);KIT(Y936);KIT(Y823);KIT(Y703);KIT(Y570);KIT(Y568);
KRAS,1,MAP3K1(S67);
KSR1,1,RAF1(T269);
LATS1,3,YAP1(S397);YAP1(S127);WWTR1(S89);
LATS2,5,YWHAG(S59);YAP1(S397);YAP1(S127);WWTR1(S89);SNAI1(T203);
LCK,58,ZAP70(Y69);ZAP70(Y493);ZAP70(Y492);ZAP70(Y474);ZAP70(Y319);ZAP70(Y178);VAV1(Y174);VAV1(Y160);VAV1(Y142);STAT5A(Y694);STAT5A(Y694);SIGLEC10(Y691);SIGLEC10(Y667);SIGLEC10(Y597);SHC1(Y427);SH2B3(Y273);PTPN6(Y564);PTPN6(Y536);PTEN(Y315);PRKCQ(Y90);PRKCD(Y514);PRKCD(Y334);PRKCD(Y313);PLCG2(Y759);PLCG2(Y753);PIK3R1(Y688);NFKBIA(Y42);MUC1(Y1229);MED28(Y64);MAPK3(Y204);LCP2(Y426);LCP2(Y423);LCK(Y394);LAT(Y220);LAT(Y200);ITK(Y512);IL2RB(Y536);IL2RB(Y418);IL2RB(Y387);IL2RB(Y384);IL2RB(Y381);FOXP3(Y342);EZR(Y146);ESR1(Y537);DEF6(Y210);DAPP1(Y139);CTLA4(Y218);CTLA4(Y201);CD5(Y487);CD5(Y453);CD3E(Y199);CD3E(Y188);CD33(Y340);CD28(Y191);ADAM15(Y735);ADAM15(Y715);ACP1(Y133);ACP1(Y132);
LIMK1,2,CFL2(S3);CFL1(S3);
LIMK2,1,CFL1(S3);
LMTK2,1,PPP1CA(T320);
LRRK2,16,SNCA(S129);SNAPIN(T117);SH3GL2(S75);MSN(T558);LRRK2(T2035);LRRK2(T2031);LRRK2(T1969);LRRK2(T1967);LRRK2(T1491);LRRK2(T1410);LRRK2(T1404);LRRK2(S2032);LRRK2(S1403);ARHGEF7(T164);ARHGEF7(T127);AKT1(S473);
LYN,28,SLC4A1(Y904);SLC4A1(Y359);SLAMF1(Y327);RGS16(Y168);PTPN6(Y564);PRKCD(Y567);PRKCD(Y52);PPP1R8(Y335);PPP1R8(Y264);PLCG2(Y759);PLCG2(Y753);PLCG1(Y783);PLCG1(Y771);NMT1(Y180);MAP4K1(Y381);LYN(Y397);HCLS1(Y397);HCLS1(Y378);HCLS1(Y222);FCGR2B(Y292);FCGR2A(Y304);DAPP1(Y139);CDKN1B(Y88);CD79B(Y196);CD79A(Y188);CD19(Y531);CD19(Y500);BTK(Y551);
MAP2K1,11,TAL1(S122);PPARG(S112);MAPK3(Y204);MAPK3(T202);MAPK1(Y187);MAPK1(T185);MAP2K1(S304);IRS1(S307);GSK3B(Y216);CASP9(T125);ARRB2(T382);
MAP2K2,5,MAPK3(Y204);MAPK3(T202);MAPK1(Y187);MAPK1(T185);CASP9(T125);
MAP2K3,2,MAPK14(Y182);MAPK14(T180);
MAP2K4,8,RXRA(Y249);MAPK9(Y185);MAPK8(Y185);MAPK8(T183);MAPK14(T180);MAPK10(Y223);MAP2K4(T261);MAP2K4(S257);
MAP2K6,7,STAT4(S721);PAK6(Y566);MAPK14(Y182);MAPK14(T180);MAPK13(T180);MAPK12(Y185);MAPK12(T183);
MAP2K7,10,MAPK9(Y185);MAPK9(Y182);MAPK9(T404);MAPK9(T183);MAPK9(S407);MAPK8(Y185);MAPK8(T183);MAPK10(T221);IRS1(S312);FADD(S194);
MAP3K1,8,STAT3(S727);MAP2K7(T275);MAP2K7(S271);MAP2K6(T211);MAP2K4(T261);MAP2K1(S222);MAP2K1(S218);FADD(S194);
MAP3K10,5,TCF3(T355);TCF3(S379);TCF3(S359);TCF3(S352);TCF3(S341);
MAP3K11,7,PIN1(S138);MAP3K11(T277);MAP3K11(S281);MAP2K4(T261);MAP2K4(T261);MAP2K4(S257);MAP2K4(S257);
MAP3K12,1,MYL12B(T19);
MAP3K14,4,NFKB2(S870);NFKB2(S866);CHUK(S180);CHUK(S176);
MAP3K3,3,RCAN1(S167);MAP3K3(S526);MAP2K3(S218);
MAP3K4,1,MAP3K4(T1494);
MAP3K5,10,ZNF622(T318);ZNF622(S314);MAP3K5(T842);MAP3K5(T838);MAP3K5(T813);MAP2K4(T261);MAP2K3(S218);DAXX(S184);DAXX(S176);CDKN1A(S98);
MAP3K7,9,PTPN3(S359);MAP3K7(T187);MAP3K7(T184);MAP3K7(T178);MAP3K7(S192);KSR1(S406);IKBKB(S181);IKBKB(S177);HDAC7(S155);
MAP3K8,8,PLK1(T210);MAP3K14(T559);MAP2K2(S226);MAP2K2(S222);MAP2K1(S248);MAP2K1(S244);MAP2K1(S222);MAP2K1(S218);
MAP3K9,1,MAP3K9(T312);
MAP4K1,3,MAP4K1(T165);MAP3K11(S281);LCP2(S376);
MAP4K3,2,PRKCQ(T538);MAP4K3(S170);
MAP4K5,1,GSK3B(S9);
MAPK1,324,ZFP36(S228);WWC1(S548);UBTF(T201);UBTF(T117);TWIST1(S68);TSC2(S664);TSC2(S540);TPR(T2214);TPR(T2137);TPR(T2116);TPR(S2155);TOB1(S164);TOB1(S154);TOB1(S152);TNFRSF1A(T280);TNFRSF1A(S274);THRB(S142);TH(S62);TFEB(S142);TFCP2(S309);TFCP2(S291);TCF3(T355);STMN1(S38);STK11(S428);STIM1(S575);STAT5A(S780);SREBF2(S455);SREBF2(S432);SREBF1(S117);SPHK2(T614);SPHK2(S387);SPHK1(S225);SP3(S73);SP1(T739);SP1(T453);SP1(S59);SOS1(S1197);SOS1(S1193);SOS1(S1178);SOS1(S1167);SOS1(S1132);SORBS3(S530);SMAD4(T277);SMAD3(T179);SMAD3(S213);SMAD3(S213);SMAD3(S208);SMAD3(S208);SMAD3(S204);SMAD3(S204);SMAD2(T220);SMAD2(S255);SMAD2(S250);SMAD2(S245);SMAD1(S214);SMAD1(S214);SMAD1(S206);SMAD1(S206);SMAD1(S195);SMAD1(S195);SMAD1(S187);SLC9A1(S770);SCNN1G(T622);SCNN1B(T615);RXRA(S260);RUNX1(T273);RUNX1(S276);RUNX1(S276);RUNX1(S266);RUNX1(S249);RPTOR(S863);RPTOR(S8);RPTOR(S696);RPS6KB1(T444);RPS6KB1(S447);RPS6KB1(S447);RPS6KB1(S434);RPS6KB1(S434);RPS6KA5(T581);RPS6KA5(T581);RPS6KA5(S376);RPS6KA5(S360);RPS6KA5(S360);RPS6KA1(T573);RPS6KA1(T359);RPS6KA1(S732);RPS6KA1(S380);RPS6KA1(S363);RPS6KA1(S221);RPS3(T42);RORA(T183);RGS19(S151);RCAN1(S167);RAF1(S642);RAF1(S43);RAF1(S301);RAF1(S296);RAF1(S29);RAF1(S289);PTTG1(S165);PTPRR(T361);PTPN7(T66);PTPN7(S93);PRDX6(T177);PPP2R5C(S337);PPP1R9B(S15);PPARG(S112);PPARG(S112);PPARG(S112);PPARA(S21);PPARA(S12);POU5F1(S111);POLR2A(S1951);POLR2A(S1944);POLR2A(S1934);POLR2A(S1927);POLR2A(S1920);POLR2A(S1913);POLR2A(S1899);POLR2A(S1892);POLR2A(S1878);POLR2A(S1871);POLR2A(S1864);POLR2A(S1787);POLR2A(S1766);POLR2A(S1738);POLR2A(S1724);POLR2A(S1717);POLR2A(S1696);POLR2A(S1675);POLR2A(S1668);POLR2A(S1654);POLR2A(S1647);POLR2A(S1626);POLR2A(S1619);PML(T28);PML(S530);PML(S527);PML(S40);PML(S38);PML(S36);PLCB1(S982);PLA2G4A(S505);PITPNM1(T794);PITPNM1(T1223);PGR(S294);PDE4D(S715);PDE4D(S715);PDE4D(S705);PDE4C(S641);PCYT1A(S315);PARP1(T373);PARP1(S372);PAK1(T212);NUP50(S315);NUP50(S221);NUP153(T388);NUP153(S529);NR5A1(S203);NR4A2(T132);NR4A2(S126);NR4A1(T143);NR3C1(S226);NOXA1(S282);NOX5(S544);NFATC4(S676);NEFH(S532);NEFH(S526);NEFH(S518);NDE1(T215);NDE1(S239);NCOA1(T1179);NCOA1(S395);NCOA1(S1185);NCF1(S345);MYC(T58);MYC(S62);MYB(S532);MKL1(S454);MITF(S180);MED1(T1457);MED1(T1032);MCL1(T163);MBP(T232);MBP(T229);MAPT(T522);MAPT(S721);MAPT(S519);MAPKAPK5(T182);MAPKAPK2(T334);MAPKAPK2(T222);MAPKAPK2(S272);MAPK1(Y187);MAPK1(T185);MAP2K1(T386);MAP2K1(T292);MAFA(S65);MAFA(S14);LIPE(T891);LIFR(S1044);LCK(S59);LCK(S42);KRT8(S432);KLC1(S460);KHDRBS1(T84);KHDRBS1(T72);KHDRBS1(S58);JUND(S100);JAK2(S523);IRS1(S636);IRS1(S616);IRS1(S312);IL16(S845);IER3(T18);HIF1A(S643);HIF1A(S641);H3F3A; H3F3B(S29);GTF2I(S674);GTF2I(S668);GSK3B(T43);GRB10(S476);GRB10(S418);GRB10(S150);GORASP2(T225);GJA1(S282);GJA1(S279);GJA1(S255);GAB2(S623);GAB1(T476);GAB1(T312);GAB1(S567);GAB1(S551);GAB1(S454);GAB1(S381);FOXO3(S425);FOXO3(S344);FOXO3(S294);FOS(T331);FOS(T325);FOS(T232);FOS(S374);FGFR1(S777);EXOC7(S250);EWSR1(T79);ESR1(S118);ESR1(S106);ESR1(S104);ESPL1(S1126);ERF(T526);ERF(S251);ERF(S246);ERF(S161);EP300(S2366);EP300(S2315);EP300(S2279);ELK1(T336);ELK1(S422);ELK1(S389);ELK1(S383);ELK1(S324);EIF4EBP1(T70);EIF4EBP1(T46);EIF4EBP1(T45);EIF4EBP1(T37);EIF4EBP1(S83);EIF4EBP1(S65);EIF2AK2(T451);EGFR(T693);DUSP6(S197);DUSP6(S159);DUSP16(S446);DUSP1(S364);DUSP1(S359);DUSP1(S323);DUSP1(S296);DAPK1(S734);CTTN(S418);CTTN(S405);CSNK2A1(T360);CSNK2A1(S362);CIITA(S288);CIITA(S280);CIC(S1409);CEP55(S428);CEP55(S425);CEBPB(T235);CEBPA(S21);CDKN1B(T187);CDKN1B(S178);CDKN1B(S10);CDKN1A(T57);CDKN1A(S130);CDK2(T160);CASP9(T125);CASP8(S387);CAPN2(S50);CALD1(S789);CALD1(S759);CAD(T456);BRAF(T753);BMF(S77);BMF(S74);BCL6(S343);BCL6(S333);BCL2L11(S69);BCL2(T74);BCL2(T56);BCL2(S87);BCL2(S70);ATF2(T71);ATF2(T69);ARRB1(S412);ARRB1(S412);ARHGEF2(T679);AR(S516);APBB1(T709);APBB1(S347);APBB1(S287);APBB1(S175);AMPH(S295);AMPH(S293);ABI1(S225);ABI1(S222);ABI1(S183);
MAPK10,22,YWHAZ(S184);STMN2(S73);STMN2(S62);STMN1(S38);SFN(S186);PPM1J(S93);NFATC1(S172);MAPK8IP3(T286);MAPK8IP3(T275);MAPK8IP3(T265);JUN(S73);JUN(S63);HNRNPK(S353);HNRNPK(S284);HNRNPK(S216);CDC25C(S168);BCL2L11(T116);BCL2L11(S77);BCL2L11(S69);BCL2L11(S59);ATN1(S739);APP(T743);
MAPK11,11,TWIST1(S68);TCF3(S139);RPTOR(S863);RPTOR(S771);RPS6KA5(T700);RPS6KA5(T581);RPS6KA5(S360);MAPKAPK5(T182);KRT8(S74);HBP1(S402);EWSR1(T79);
MAPK12,11,SNTA1(S201);SNTA1(S193);SH3BP5(S421);SH3BP5(S351);MAPT(T548);MAPT(T522);MAPT(T498);MAPT(S637);MAPT(S519);KRT8(S74);EEF2K(S396);
MAPK13,7,TP53(S46);TP53(S33);STMN1(S38);STMN1(S25);KRT8(S74);EEF2K(S396);EEF2K(S359);
MAPK14,110,ZNHIT1(T103);USF1(T153);TWIST1(S68);TP53(S46);TP53(S46);TP53(S392);TP53(S33);TP53(S33);TP53(S15);TP53(S15);TCF3(S139);TAB1(T431);TAB1(S438);TAB1(S423);STAT4(S721);STAT3(S727);STAT1(S727);SMAD3(S208);SMAD3(S204);SLC9A1(T718);SLC9A1(S729);SLC9A1(S726);SLC9A1(S723);RPS6KA5(T581);RPS6KA5(S376);RPS6KA5(S360);RPS6KA4(T568);RPS6KA4(S360);RPS6KA4(S347);RPS6KA4(S343);RPS6KA4(S196);RBSN(S215);RB1(S567);PXN(S85);PTPN7(T66);PTPN7(S93);PPARGC1A(T299);PPARGC1A(T263);PPARGC1A(S266);PLA2G4A(S505);PIP4K2B(S326);PAK6(S165);NR3C1(S211);NFATC4(S170);NFATC4(S168);NFATC1(S172);NCOA3(S867);NCOA3(S860);NCOA3(S543);NCOA3(S505);MKNK1(T255);MKNK1(T250);MEF2C(T300);MEF2C(T293);MEF2C(S387);MEF2A(T319);MEF2A(T312);MEF2A(S453);MEF2A(S408);MAPKAPK5(T182);MAPKAPK2(T334);MAPKAPK2(T317);MAPKAPK2(T25);MAPKAPK2(T222);MAPKAPK2(T206);MAPKAPK2(S272);KRT8(S74);KHSRP(T692);JUNB(S79);JDP2(T148);HIST1H3A; HIST1H3B; HIST1H3C; HIST1H3D; HIST1H3E; HIST1H3F; HIST1H3G; HIST1H3H; HIST1H3I; HIST1H3J(S11);HBP1(S402);GSK3B(S389);FOXO3(S7);FGFR1(S777);F3(S290);EWSR1(T79);ESR1(T311);ESR1(S118);EPS15(S796);ELK3(S363);ELK3(S357);ELK1(S389);ELK1(S383);ELK1(S383);ELAVL1(T118);EIF4EBP1(T46);EIF4EBP1(T37);EIF4EBP1(S65);EEF2K(S396);EEA1(T1392);DDIT3(S82);DDIT3(S79);CDX2(S295);CDX2(S291);CDX2(S287);CDX2(S283);CDKN1A(S130);CDC25C(S216);CASP8(S347);CASP3(S150);BCL2(T56);BCL2(S87);BAZ1B(S158);ATF2(T71);ATF2(T71);ATF2(T69);ATF2(T69);ATF2(S90);ADAM17(T735);
MAPK15,4,MAPK15(Y177);MAPK15(T175);JUN(S73);JUN(S63);
MAPK3,252,WWC1(S548);UBTF(T201);UBTF(T117);TWIST1(S68);TSC2(S664);TSC2(S540);TP53(S15);TOB1(S164);TOB1(S154);TOB1(S152);THRB(S142);TH(S62);TFCP2(S309);TFCP2(S291);TCF3(T355);TAL1(S122);SYN3(S470);SULT4A1(T11);STMN2(S73);STMN2(S62);STMN1(S38);STMN1(S25);STK11(S428);STAT5A(S780);STAT3(Y705);STAT3(S727);STAT3(S727);SREBF2(S455);SREBF2(S432);SREBF1(S117);SPIB(T56);SPHK2(T614);SPHK2(S387);SPHK1(S225);SP3(S73);SP1(T739);SP1(T739);SP1(T453);SP1(T453);SP1(S59);SOS1(S1193);SOS1(S1178);SOS1(S1167);SOS1(S1132);SMAD4(T277);SMAD2(T8);SMAD2(T8);SMAD2(T220);SMAD2(T220);SMAD2(S255);SMAD2(S255);SMAD2(S250);SMAD2(S250);SMAD2(S245);SMAD2(S245);SCNN1G(T622);SCNN1B(T615);RXRA(S260);RUNX2(S312);RUNX2(S294);RRN3(S649);RRN3(S633);RPTOR(S863);RPTOR(S863);RPTOR(S8);RPTOR(S696);RPS6KB1(T444);RPS6KB1(S441);RPS6KA5(T581);RPS6KA5(S376);RPS6KA5(S360);RPS6KA3(T577);RPS6KA3(S227);RPS6KA1(T573);RPS6KA1(T359);RPS6KA1(S732);RPS6KA1(S380);RPS6KA1(S363);RPS6KA1(S221);RPS3(T42);RCAN1(S167);RAF1(S301);RAF1(S296);RAF1(S289);PTTG1(S165);PTPRR(T361);PTPN7(T66);PTPN7(S93);PPP2R5C(S337);PPARG(S112);PPARA(S21);PPARA(S12);POU5F1(S111);POLR2A(S1951);POLR2A(S1944);POLR2A(S1934);POLR2A(S1927);POLR2A(S1920);POLR2A(S1913);POLR2A(S1899);POLR2A(S1892);POLR2A(S1878);POLR2A(S1871);POLR2A(S1864);POLR2A(S1787);POLR2A(S1766);POLR2A(S1738);POLR2A(S1724);POLR2A(S1717);POLR2A(S1696);POLR2A(S1675);POLR2A(S1668);POLR2A(S1654);POLR2A(S1647);POLR2A(S1626);POLR2A(S1619);PML(S530);PLCB1(S982);PLA2G4A(S505);PGR(S294);PDE4D(S715);PCYT1A(S315);PAK1(T292);NUP50(S315);NUP50(S221);NUP153(T388);NUP153(S529);NR3C1(S226);NR3C1(S226);NOXA1(S282);NOS2(S745);NFATC4(S676);NFATC1(S172);NCOA1(T1179);NCOA1(S1185);NCF1(S345);MYB(S532);MKNK1(T385);MKL1(S454);MITF(S180);MED1(T1457);MED1(T1032);MCL1(T163);MBP(T232);MAZ(T72);MAPK3(Y204);MAPK3(T207);MAPK3(T202);MAGEA11(S174);LIPE(T891);LIFR(S1044);LCK(S59);LCK(S42);LAT(T184);KRT8(S432);KLC1(S460);KARS(S207);JUND(S100);JUN(S73);JUN(S63);JAK2(S523);IRS1(S636);IRS1(S616);IL16(S845);HSPB8(T87);HSPB8(S27);HSF1(S307);HNRNPK(S284);HIF1A(S643);HIF1A(S641);HDAC6(T1031);HDAC6(S1035);H3F3A; H3F3B(S29);GTF2I(S674);GTF2I(S668);GSK3B(T43);GRK2(S670);GRB10(S476);GRB10(S418);GRB10(S150);GJA1(S282);GJA1(S279);GJA1(S255);GAB2(S623);GAB1(T476);GAB1(T312);GAB1(S567);GAB1(S551);GAB1(S454);GAB1(S381);FOXO3(S425);FOXO3(S344);FOXO3(S294);FOS(T331);FOS(T325);FOS(T232);FOS(S374);FGFR1(S777);EWSR1(T79);ETV6(S257);ETV6(S213);ETS1(T38);ESR1(S118);ESR1(S106);ESR1(S104);ELK1(T336);ELK1(S422);ELK1(S389);ELK1(S383);ELK1(S324);EGFR(T693);DUSP6(S197);DUSP6(S159);DUSP1(S364);DUSP1(S359);DUSP1(S323);DUSP1(S296);CTTN(S418);CTTN(S405);CIITA(S288);CIITA(S280);CIC(S1409);CEBPB(T235);CEBPA(S21);CDKN1B(T187);CASP9(T125);CASP8(S387);CAPN2(S50);CALD1(S789);CALD1(S759);CAD(T456);BRAF(T753);BCL6(S343);BCL6(S333);BCL2L11(S69);BCL2(T74);BCL2(T56);BCL2(S70);BAZ1B(S158);ATF2(T71);ATF2(T69);ARRB1(S412);ARRB1(S412);ARHGEF2(T679);APBB1(T709);APBB1(S347);APBB1(S287);APBB1(S175);AMPH(S295);AMPH(S293);ADAM17(T735);ABI1(S225);
MAPK6,2,NCOA3(S857);MAPK6(S189);
MAPK7,12,SGK1(S78);MEF2D(S180);MEF2C(S387);MEF2A(T319);MEF2A(T312);MEF2A(S355);MAP2K5(S149);MAP2K5(S142);MAP2K5(S137);MAP2K5(S129);GJA1(S255);ETS1(T38);
MAPK8,84,YWHAZ(S184);YWHAB(S186);TWIST1(S68);TP53(T81);TP53(S20);STMN1(S38);STK4(S82);STAT6(S707);STAT3(S727);STAT1(Y701);SP1(T739);SP1(T278);SIRT1(T530);SIRT1(S47);SIRT1(S27);SFN(S186);RXRA(S260);PXN(S178);PPM1J(S93);PPARG(S112);NR4A1(S95);NR3C1(S226);MYC(S71);MYC(S62);MCL1(T163);MAPK8IP3(T286);MAPK8IP3(T275);MAPK8IP3(T265);MAPK8IP1(T205);MAPK8IP1(T103);MAPK8IP1(S421);MAPK8IP1(S29);MAPK8IP1(S197);MAPK8IP1(S15);LAT(T184);KRT8(S74);JUND(S100);JUNB(T104);JUNB(T102);JUN(S73);JUN(S63);ITCH(T263);ITCH(S273);ITCH(S240);IRS1(S636);IRS1(S616);IRS1(S315);IRS1(S312);IRS1(S307);IRF3(S173);HSF1(S363);HNRNPK(S353);HNRNPK(S216);H3F3A; H3F3B(S29);H2AFX(S140);FOXO4(T455);FOXO4(T451);ELK1(S389);ELK1(S383);EIF4ENIF1(S752);EIF4ENIF1(S693);EIF4ENIF1(S587);EIF4ENIF1(S513);EIF4ENIF1(S374);EIF4ENIF1(S301);CTBP1(S422);CDKN1A(T57);CDKN1A(S130);CDC25C(S168);BCL2L11(T116);BCL2L11(S77);BCL2L11(S69);BCL2L1(S62);BCL2(T69);BCL2(S87);BCL2(S70);ATN1(S739);ATF2(T71);ATF2(T69);APP(T743);APLP2(T736);AP1(S73);AP1(S63);AIMP1(S140);
MAPK9,43,YWHAZ(S184);TP53(S6);TP53(S20);TOB1(S164);TOB1(S154);TOB1(S152);STMN1(S38);STAT3(S727);SH3BP5(S351);SFN(S186);RXRA(S260);RRN3(T200);PSEN1(T320);PSEN1(S319);PPM1J(S93);NFATC3(S165);NFATC3(S163);MYC(S71);MYC(S62);MFN2(S27);MAPK8IP3(T286);MAPK8IP3(T275);MAPK8IP3(T265);MAPK8IP1(T103);JUN(S73);JUN(S63);IRS1(Y632);IRS1(Y612);IRS1(S315);IRS1(S307);H3F3A; H3F3B(S29);H2AFX(S140);ELK1(S389);CTNNB1(S605);CTNNB1(S191);CDC25C(S168);BCL2L11(S77);BCL2L11(S69);BCL2L11(S59);BAZ1B(S158);ATN1(S739);ATF2(T71);ATF2(T69);
MAPKAPK2,34,ZFP36L1(S92);ZFP36L1(S54);ZFP36L1(S203);ZFP36(S66);ZFP36(S60);ZFP36(S186);ZFP36(S184);ZFP36(S113);YWHAZ(S58);TSC2(S1254);TH(S40);TH(S19);SRF(S103);RTN4(S107);PLK1(S326);PIAS1(S522);PARN(S557);MDM2(S166);LSP1(S252);LSP1(S204);LIMK1(S323);HSPB1(S82);HSPB1(S78);HSPB1(S15);ETV1(S216);ETV1(S191);EEF2K(S377);CREB1(S133);CREB1(S133);BAG2(S20);ARPC5(S77);ALOX5(S272);AGO2(S387);AATF(T366);
MAPKAPK3,4,HSPB1(S82);HSPB1(S78);HSPB1(S15);EEF2K(S377);
MAPKAPK5,8,TP53(S37);TH(S19);PLA2G4A(S727);MAPK4(S186);EEF2K(S377);DNAJB1(S171);DNAJB1(S151);DNAJB1(S149);
MARK1,13,MAPT(S673);MAPT(S641);MAPT(S637);MAPT(S579);MAP4(S941);MAP4(S928);MAP4(S1073);MAP2(S1802);MAP2(S1799);MAP2(S1795);MAP2(S1710);MAP2(S1679);MAP2(S1540);
MARK2,6,UTRN(S1258);RAB11FIP2(S227);PARD3(S873);HDAC7(S155);ARHGEF2(S960);ARHGEF2(S886);
MARK3,1,CDC25C(S216);
MASTL,3,MASTL(S875);ENSA(S67);ARPP19(S62);
MATK,1,LYN(Y508);
MEK1/2,8,TAL1(S122);PPARG(S112);MAPK3(Y204);MAPK3(T202);MAPK1(Y187);MAPK1(T185);IRS1(S307);GSK3B(Y216);
MELK,12,MELK(T539);MELK(T494);MELK(T398);MELK(T167);MELK(S529);MELK(S505);MELK(S431);MELK(S407);MELK(S391);MELK(S356);MELK(S171);CDC25B(S169);
Membrane Blebbing,1,BMI1(S316);
MERTK,3,MERTK(Y754);MERTK(Y753);MERTK(Y749);
MET,13,PTK2(Y925);PTK2(Y861);PTK2(Y577);PTK2(Y576);PTK2(Y407);PTK2(Y397);PTK2(Y194);MET(Y1235);MET(Y1234);GAB1(Y659);GAB1(Y627);GAB1(Y589);GAB1(Y285);
MKNK1,4,SPRY2(S121);SPRY2(S112);PLA2G4A(S727);EIF4E(S209);
MKNK2,1,EIF4E(S209);
MST1,2,STK4(T183);HIST1H2BB(S15);
MTOR,45,ULK1(S758);TFEB(S211);STAT3(S727);SGK1(S422);RPTOR(S863);RPTOR(S859);RPTOR(S855);RPS6KB2(T388);RPS6KB2(T228);RPS6KB2(S370);RPS6KB1(T412);RPS6KB1(T412);RPS6KB1(T412);RPS6KB1(S434);RPS6KB1(S394);MTOR(S2481);MAF1(S75);MAF1(S75);MAF1(S68);MAF1(S60);ISCU(S14);IRS1(S639);IRS1(S636);IRS1(S616);IRS1(S315);IRS1(S312);IRS1(S307);EIF4EBP1(T70);EIF4EBP1(T70);EIF4EBP1(T46);EIF4EBP1(T45);EIF4EBP1(T45);EIF4EBP1(T37);EIF4EBP1(T36);EIF4EBP1(T36);EIF4EBP1(S83);EIF4EBP1(S65);EIF4EBP1(S65);DEPTOR(S299);DEPTOR(S293);AKT1S1(S221);AKT1S1(S212);AKT1S1(S183);AKT1(S473);AKT1(S473);
mTORC1,15,TFEB(S211);SGK1(S422);RPS6KB1(T412);RPS6KB1(T412);MAF1(S75);MAF1(S68);MAF1(S60);ISCU(S14);EIF4EBP1(T70);EIF4EBP1(T70);EIF4EBP1(T46);EIF4EBP1(T45);EIF4EBP1(T37);EIF4EBP1(T36);EIF4EBP1(S65);
mTORC2,3,SGK1(S422);AKT1(S473);AKT1(S473);
MYLK,3,MYL9(T19);MYL9(S20);CALD1(S744);
MYLK2,1,MEF2C(T80);
NEK1,1,VDAC1(S193);
NEK11,2,CDC25A(S88);CDC25A(S82);
NEK2,12,SGO1(S507);SGO1(S14);PPP1CC(T318);PPP1CC(T307);NEK2(T179);NEK2(T175);NEK2(T170);NEK2(S241);NEK2(S171);NDC80(S165);CEP250(S2394);CEP250(S2392);
NEK6,2,SGK1(S422);SGK1(S377);
NEK8,1,NEK8(T162);
NEK9,4,NEK9(T210);NEK9(S944);NEK7(S195);NEK6(S206);
NLK,5,TCF7L2(T212);TCF7L2(T201);STAT3(S727);LEF1(T155);LEF1(S166);
NME1,6,NME1(S44);NME1(S125);NME1(S122);NME1(S120);NME1(His118);KSR1(S406);
NME2,3,NME2(S44);NME2(His118);KCNN4(His358);
NTRK1,5,NTRK1(Y791);NTRK1(Y681);NTRK1(Y680);NTRK1(Y676);NTRK1(Y496);
NTRK2,10,NTRK2(Y817);NTRK2(Y707);NTRK2(Y706);NTRK2(Y702);NTRK2(Y516);KCNA3(Y163);KCNA3(Y162);KCNA3(Y161);FRS3(Y455);FRS3(Y417);
NUAK1,7,TP53(S392);TP53(S15);PPP1R12A(S910);PPP1R12A(S472);PPP1R12A(S445);LATS1(S464);CASP6(S257);
NUAK2,1,LATS1(S464);
OXSR1,5,SLC12A3(T60);SLC12A2(T212);SLC12A2(T207);SLC12A2(T203);PAK1(T84);
p38,7,NFATC4(S170);NFATC4(S168);MAPT(T548);HNF4A(S167);CDC25C(S216);CDC25B(S375);CDC25B(S323);
PAK,1,MAP2K1(S298);
PAK1,45,VIM(S56);TBCB(S65);TBCB(S128);SYN1(S605);STMN1(S38);STMN1(S16);SNAI1(S246);RAF1(S339);RAF1(S338);PXN(S272);PLK1(S49);PGM1(T467);PGAM1(S23);PGAM1(S118);PAK1(S57);PAK1(S199);PA2G4(T261);NF2(S518);MAP3K1(S67);MAP2K1(S298);LIMK1(T508);KIF2C(S192);KIF2C(S111);ITGB3BP(S28);ILK(T173);ILK(S246);HIST1H3A; HIST1H3B; HIST1H3C; HIST1H3D; HIST1H3E; HIST1H3F; HIST1H3G; HIST1H3H; HIST1H3I; HIST1H3J(S11);GNAZ(S16);FLNA(S2152);ESR1(S305);ELF3(S207);DYNLL1(S88);CTTN(S418);CTTN(S405);CTNNB1(S675);CTBP1(S158);BAD(S99);BAD(S75);BAD(S74);AURKA(T288);ARPC1B(T21);ARHGEF2(S886);ARHGDIA(S174);ARHGDIA(S101);ARAF(S299);
PAK2,32,VIM(S73);VIM(S66);VIM(S39);VIM(S26);SYN1(S9);RPS6(S242);RPS6(S240);RPS6(S236);RPS6(S235);PRL(S207);PAK2(T402);PAK2(S55);PAK2(S20);PAK2(S197);PAK2(S192);PAK2(S19);PAK2(S141);PAK2(S141);NF2(S518);MYLK(S1760);MYLK(S1208);MKNK1(S39);JUN(T93);JUN(T89);JUN(T8);JUN(T286);JUN(T2);CASP7(T173);CASP7(S30);CASP7(S239);ABL1(S619);ABL1(S618);
PAK3,7,TNNI3(S150);SYN1(S605);RAF1(S338);PAK3(S154);MYO6(T405);CALD1(S744);CALD1(S714);
PAK4,6,RAN(S135);PXN(S272);PAK4(S474);ITGB5(S762);ITGB5(S759);CTNNB1(S675);
PAK5,3,PAK5(His22);PAK5(His19);BAD(S75);
PASK,2,PASK(T1165);PASK(T1161);
PBK,3,PRDX1(S32);HIST1H3A; HIST1H3B; HIST1H3C; HIST1H3D; HIST1H3E; HIST1H3F; HIST1H3G; HIST1H3H; HIST1H3I; HIST1H3J(S11);GPSM2(T457);
PDGFRA,4,SRC(Y419);PDGFRA(Y988);PDGFRA(Y762);PDGFRA(Y1018);
PDGFRB,16,SRC(Y419);PTPN11(Y546);PTK2(Y5);PTK2(Y194);PDGFRB(Y857);PDGFRB(Y775);PDGFRB(Y771);PDGFRB(Y763);PDGFRB(Y751);PDGFRB(Y740);PDGFRB(Y716);PDGFRB(Y581);PDGFRB(Y579);PDGFRB(Y1021);PDGFRB(Y1009);FYN(Y28);
PDK1,8,PKN2(T816);PDHA2(S291);PDHA1(S300);PDHA1(S293);PDHA1(S232);ITGB3(T779);AKT3(T305);AKT1(T308);
PDK2,5,PDHA2(S291);PDHA1(S300);PDHA1(S293);PDHA1(S232);AKT1(S473);
PDK3,4,PDHA2(S291);PDHA1(S300);PDHA1(S293);PDHA1(S232);
PDK4,4,PDHA2(S291);PDHA1(S300);PDHA1(S293);PDHA1(S232);
PDPK1,40,SGK3(T320);SGK3(S486);SGK2(T253);SGK2(S416);SGK1(T256);SGK1(T256);SGK1(S422);RPS6KB2(T388);RPS6KB2(T228);RPS6KB2(T228);RPS6KB2(S370);RPS6KB1(T412);RPS6KB1(T252);RPS6KB1(T252);RPS6KA3(S227);RPS6KA1(S221);PRKCZ(T410);PRKCE(T566);PRKCD(T507);PRKCB(T500);PKN2(T816);PKN1(T774);PDPK1(S410);PDPK1(S396);PDPK1(S393);PDPK1(S25);PDPK1(S241);PDPK1(S241);PAK1(T423);MAP2K2(S226);MAP2K1(S222);ITGB3(T779);AKT3(T305);AKT2(T309);AKT2(S474);AKT1(T308);AKT1(T308);AKT1(T308);AKT1(S473);AHCYL1(S68);
PDPK2P,1,SGK1(T256);
PHKA1,3,PHKA1(S985);PHKA1(S972);PHKA1(S1007);
PHKG1,7,PHKG1(S82);PHKG1(S31);MAPT(S669);MAPT(S622);MAPT(S602);MAPT(S579);MAPT(S554);
PI4K2A,1,CLSPN(S984);
PIAS4,2,RPA2(S8);RPA2(S4);
PIK3CB,1,PIK3CB(S1070);
PIK3CD,1,PIK3CD(S1039);
PIM1,16,RELA(S276);MDM2(S186);MDM2(S166);MARK3(T95);MARK3(T90);MARK3(S96);MAP3K5(S83);HIST1H3A; HIST1H3B; HIST1H3C; HIST1H3D; HIST1H3E; HIST1H3F; HIST1H3G; HIST1H3H; HIST1H3I; HIST1H3J(S11);FOXO3(T32);FOXO3(S253);CDKN1B(T198);CDKN1B(T157);CDKN1A(T145);BAD(S99);BAD(S75);BAD(S118);
PIM2,4,CDKN1A(T145);BAD(S99);BAD(S75);BAD(S118);
PIM3,3,BAD(S99);BAD(S75);BAD(S118);
PINK1,3,UBC(S65);PARK2(S65);HTRA2(S142);
PKA,3,CAMKK2(S511);CAMKK2(S495);CAMKK2(S100);
PKM,1,STAT3(Y705);
PKMYT1,2,CDK1(Y15);CDK1(T14);
PKN1,17,SNAI1(S246);RAF1(S339);RAF1(S338);PKN1(T64);PKN1(T531);PKN1(S374);PGM1(T467);PGAM1(S23);PGAM1(S118);MARCKS(S170);MARCKS(S163);MARCKS(S159);MAPT(S637);FOXO1(S256);EGFR(T678);CDC25C(S216);ARHGEF2(S886);
PLK1,86,YY1(T39);WEE1(S53);WEE1(S53);WEE1(S123);WEE1(S123);VIM(S83);TRIOBP(T447);TRIOBP(T2229);TPT1(S64);TPT1(S46);TP73(T27);TOPORS(S718);TOP2A(S1525);TOP2A(S1337);TERF1(S435);SRI(T155);SNCA(S129);RAP1GAP(S525);RAN(S135);RACGAP1(T260);RACGAP1(S214);RACGAP1(S170);RACGAP1(S157);PLEKHG6(T574);PKMYT1(T495);PKMYT1(S426);PINX1(T317);PINX1(T141);PINX1(S226);PINX1(S117);PINX1(S110);PIN1(S65);OPTN(S177);NUDC(S326);NUDC(S274);NPM1(S4);NINL(T161);NINL(S88);NINL(S87);NINL(S686);MDM2(S260);MAP9(S289);KIZ(T379);KIF2B(T125);KIF2B(S204);KAT7(S57);IRS1(S24);IKBKB(S750);IKBKB(S740);IKBKB(S733);HSF1(S216);GTSE1(S435);FOXM1(S739);FOXM1(S730);FADD(S194);DVL2(T206);DCTN1(S179);CTNNB1(S718);CLSPN(S30);CLIP1(S195);CHEK2(T68);CHEK2(T26);CEP55(S436);CENPU(T78);CENPU(S77);CDC6(T37);CDC25C(S198);CCNB1(S147);CCNB1(S133);CCNB1(S128);CCNB1(S126);BUB1B(T792);BUB1B(T680);BUB1B(T1008);BUB1B(S676);BRCA2(T207);BRCA2(T203);BRCA2(S206);BRCA2(S205);BRCA2(S193);BORA(T501);BORA(S497);BIRC5(S20);ATXN10(T82);ATXN10(S77);ANAPC1(S355);
PLK2,6,SNCB(S118);SNCA(S129);NPM1(S4);FBXW7(S176);CENPJ(S595);CENPJ(S589);
PLK3,18,VRK1(S342);TP53(S20);TOP2A(T1343);SNCB(S118);SNCA(S129);PTEN(T366);PTEN(S370);JUN(S73);JUN(S63);HIF1A(S657);HIF1A(S576);CDC25C(S216);CDC25C(S198);CDC25C(S191);CDC25A(T80);BCL2L1(S49);ATF2(T71);ATF2(T69);
PLK4,2,PLK4(S305);CENPJ(S595);
PNCK,1,EIF4G3(S1156);
PPP2CA,1,FOXO3(T32);
PRKAA1,48,ZNF692(S470);TP53(S15);TBC1D1(S237);SYN1(S9);SNAI1(S92);SNAI1(S11);RRN3(S635);RPTOR(S792);RB1(S811);RAF1(S621);RAF1(S259);PRKAB1(S108);PPARGC1A(T178);PPARGC1A(S539);POU2F1(S385);PFKFB3(S461);PFKFB2(S466);NR2C2(S351);NOS3(T495);NOS3(S1177);MFF(S172);MFF(S155);LIPE(S855);KPNA2(S105);KLC2(S582);HNF4A(S303);HDAC7(S358);HDAC7(S155);HDAC5(S498);HDAC5(S259);GFPT1(S261);GFPT1(S242);GBF1(T1337);FOXO3(T179);FOXO3(S626);FOXO3(S588);FOXO3(S555);FOXO3(S413);FOXO3(S399);EP300(S89);EEF2K(S78);EEF2K(S398);EEF2K(S398);EEF2K(S366);CTBP1(S158);CRY1(S71);CRTC2(S170);ACACA(S1201);
PRKAA2,24,VASP(T278);VASP(S322);ULK1(S638);ULK1(S556);ULK1(S317);TSC2(S1387);SREBF1(S396);RPTOR(S863);PPP1R12C(S452);PLD1(S505);PFKFB2(S466);PAK2(S20);IKBKB(S181);IKBKB(S177);HNF4A(S313);EEF2K(S78);EEF2K(S398);EEF2K(S366);CRTC2(S171);CRTC2(S171);CDC27(S379);BAIAP2(S366);ACACB(S222);ACACA(S80);
PRKAB1,1,NOS3(S1177);
PRKACA,284,YWHAZ(S58);WT1(S393);WT1(S365);VTN(S397);VIM(S7);VIM(S66);VIM(S51);VIM(S47);VIM(S39);VIM(S25);VASP(T278);VASP(S239);VASP(S157);UBE3A(T508);TPH2(S19);TPH1(S58);TNNI3(S24);TNNI3(S23);THOP1(S643);TH(S40);TFAP2A(S239);TFAM(S55);TBXA2R(S331);TAL1(S172);TAL1(S122);SYN2(S10);SYN1(S9);SUFU(S346);SUFU(S346);SUFU(S342);SUFU(S342);STMN2(S97);STMN2(S50);STMN1(S63);STMN1(S16);STK24(T18);STK11(S428);SRSF1(S119);SRF(T159);SREBF1(S338);SRC(S17);SPTBN1(T2159);SOX9(S64);SOX9(S181);SNAPIN(S50);SNAP25(T138);SLC2A2(S505);SLC2A2(S503);SLC2A2(S491);RYR2(S2808);RYR1(S2843);RXRA(S27);RRAD(S273);RHOA(S188);RGS14(T495);RGS14(S260);RGS10(S168);RET(S696);RELA(S276);RASGRF1(S927);RAP1GAP(S499);RAP1GAP(S490);RAP1B(S179);RAP1A(S180);RAF1(S621);RAF1(S43);RAF1(S259);RAF1(S233);PTPRR(S339);PTPN7(S44);PSEN1(S310);PRKAR2B(S114);PRKAA1(S184);PPP2R5D(S573);PPP1R9B(S94);PPP1R9B(S177);PPP1R8(S199);PPP1R8(S178);PPP1R1B(T34);POLD3(S458);PLN(S16);PLIN1(S81);PLIN1(S277);PLIN1(S220);PLCG1(S1248);PLCB3(S1105);PIN1(S16);PHOX2A(S153);PHKA1(S1018);PFKFB2(S466);PDE4B(S56);PDE3B(S442);PDE3A(S312);PDE10A(T15);NOXA1(S172);NOS3(S633);NOS3(S615);NOS3(S1177);NOLC1(S623);NOLC1(S622);NFKB1(S337);NFATC1(S294);NFATC1(S269);NFATC1(S245);NF2(S518);NF2(S10);NEDD4L(S448);NDE1(T131);NCOA3(S857);MYOM2(S76);MYBPC3(S311);MYBPC3(S304);MYBPC3(S284);MYBPC3(S275);MIP(S229);MCOLN1(S559);MCOLN1(S557);MC4R(T312);MC4R(S329);MBP(T169);MBP(S295);MBP(S266);MBP(S190);MBP(S146);MBP(S141);MAPT(T548);MAPT(S726);MAPT(S673);MAPT(S579);MAPT(S531);MAP2(S1782);MAP2(S1742);MAP2(S1710);MAP2(S1679);LRRK2(S1444);LRP1(S4520);LIPE(S951);LIPE(S950);LIPE(S855);LIPE(S853);LCP1(S5);LCK(S42);LASP1(S99);LASP1(S146);LASP1(S146);KDELR1(S209);KCNN2(S569);KCNN2(S568);KCNN2(S567);KCNN2(S464);KCNK9(S373);KCNK3(S393);KCNJ3(S385);KCNJ13(S287);KCNJ12(S431);KCNH2(T895);KCNH2(S890);KCNH2(S283);KCNH2(S1137);ITPR1(S1764);ITPR1(S1598);ITPKA(S121);ITGB4(S1364);ITGA4(S1021);IRS1(S1223);IRS1(S1222);IRS1(S1100);IGF2R(S2347);HSPB6(S16);HSP90AA1(T90);HSF1(S320);HRH1(S398);HRH1(S396);HNRNPD(S87);HMGN1(S7);HMGCR(S872);HDAC8(S39);HDAC5(S279);HAND1(T107);HAND1(S98);HAND1(S109);H3F3A; H3F3B(S11);GYS1(S8);GSK3B(S9);GSK3A(S21);GRK2(S685);GRIK2(S715);GRIA4(S862);GRIA1(S863);GP1BB(S191);GNA13(T203);GMFB(T27);GMFB(S83);GLI3(S980);GLI3(S907);GLI3(S877);GLI3(S865);GLI3(S849);GLI3(S1006);GJB1(S233);GJA5(S345);GJA5(S120);GFAP(T7);GFAP(S38);GFAP(S13);FYN(S21);FXYD1(S88);FXYD1(S83);FRAT1(S188);FOS(S362);FLNA(S2152);ETV5(S367);ETV1(S334);ETV1(S216);ETV1(S191);ESR1(S305);ESR1(S236);ERBB2(T686);EEF2K(S500);EEF2K(S366);DYNLRB1(S73);DUOX1(S955);DUOX1(S1217);DSP(S2849);DNAJC5(S10);CUL5(S730);CTNND1(S879);CTNNB1(S675);CTNNB1(S552);CSK(S364);CREB1(S133);CLDN3(T192);CIITA(S834);CIITA(S1050);CFTR(S813);CFTR(S795);CFTR(S768);CFTR(S737);CFTR(S700);CFTR(S660);CDK16(S153);CD44(S697);CCND1(S90);CCND1(S234);CBX3(S93);CASP9(S99);CASP9(S195);CASP9(S183);CAPN2(T370);CAD(S1859);CAD(S1406);CACNG2(T321);CACNB2(S534);CACNB2(S533);CACNB2(S514);CACNA1C(S1897);CA9(T443);BRAF(S429);BAD(S99);BAD(S99);BAD(S75);BAD(S75);BAD(S118);BAD(S118);AURKA(T288);ATF1(S63);ASIC1(S479);ARHGDIA(S174);APOBEC3G(T32);APC(S2054);AKAP13(S2733);AKAP13(S1565);AICDA(T27);AICDA(S38);ADD2(S726);ADD2(S713);ADD1(S481);ADD1(S436);ADD1(S408);ACLY(S455);ABCA1(S2054);ABCA1(S1042);AANAT(T31);AANAT(S205);
PRKACB,8,NGFR(S303);MYBPC3(S311);MYBPC3(S304);MYBPC3(S284);MYBPC3(S275);BAD(S99);BAD(S75);BAD(S118);
PRKACG,8,NOS3(S1177);MYBPC3(S311);MYBPC3(S304);MYBPC3(S284);MYBPC3(S275);BAD(S99);BAD(S75);BAD(S118);
PRKAR2A,1,PRKAR2A(S99);
PRKAR2B,1,PRKAR2B(S114);
PRKCA,279,VTN(S381);VIM(S9);VIM(S7);VIM(S66);VIM(S51);VIM(S42);VIM(S39);VIM(S34);VIM(S27);VIM(S26);VIM(S22);VIM(S10);VCL(S1113);VCL(S1101);TRPV5(S654);TRPV5(S299);TRPM4(S1152);TRPM4(S1145);TRPC3(S703);TP53(S371);TNNI3(S77);TNNI3(S44);TNNI3(S42);TNNI3(S39);TNNI3(S24);TNNI3(S23);TNNI3(S166);THOC5(S6);THOC5(S5);STXBP1(S306);SRF(T159);SRF(S162);SRC(S12);SPAG1(S326);SNAP25(T138);SNAP25(S187);SNAP23(T24);SNAP23(S23);SNAP23(S161);SHC1(S139);SDC4(S179);SDC2(S188);SDC2(S187);RRAD(S299);RRAD(S290);RRAD(S273);RRAD(S257);RRAD(S214);RPS6KB2(S473);RPL10(S168);RORA(S35);RHO(T336);RHO(S343);RHO(S338);RHO(S334);RALB(S198);RAF1(S619);RAF1(S499);RAF1(S497);RAF1(S497);RAF1(S43);RAF1(S233);PTPN6(S591);PTPN12(S435);PTPN12(S39);PTPN11(S595);PTGIR(S328);PSEN1(S346);PRKG1(T59);PRKD1(S742);PRKD1(S738);PRKCA(T638);PRKCA(S657);PPP1R14A(T38);PLEK(S117);PLEK(S113);PLD2(T252);PLD2(S243);PLD1(T147);PLD1(S561);PLD1(S2);PLCG1(S1248);PLCB3(S1105);PLCB1(S887);PIP5K1B(S413);PFKFB2(T475);PEA15(S104);PDE3A(S492);PDE3A(S465);PDE3A(S438);PDE3A(S428);PDE3A(S312);PA2G4(T366);PA2G4(S363);OPRD1(S344);OCLN(S340);NRGN(S36);NR1H4(S164);NR1H4(S145);NPHS1(T1125);NPHS1(T1120);NOXO1(T346);NOXA1(S172);NOX5(T540);NOX5(S544);NOX5(S536);NOS3(T495);NKX3-1(S48);NFE2L2(S40);NFATC1(S294);NCF1(S379);NCF1(S370);NCF1(S359);NCF1(S328);NCF1(S320);NCF1(S315);NCF1(S304);NCF1(S303);MYOD1(T115);MYL9(T10);MYL9(S3);MYL9(S2);MET(S985);MBP(S295);MBP(S285);MBP(S266);MBP(S249);MBP(S190);MBP(S146);MBP(S141);MARCKS(S81);MARCKS(S46);MARCKS(S170);MARCKS(S163);MARCKS(S163);MARCKS(S159);MARCKS(S159);MARCKS(S118);MARCKS(S101);LRP1(T4460);LRP1(S4523);LRP1(S4520);LRP1(S4517);LMNA(S525);LMNA(S404);LMNA(S403);LCK(S42);KRT18(S53);KIT(S959);KIT(S821);KIT(S746);KIT(S741);KCNQ2(S558);KCNQ2(S551);KCNMA1(S1200);KCNJ13(S201);KCNE1(S102);ITGB4(S1494);ITGB4(S1360);ITGB2(T760);ITGB2(T758);IRS1(S24);IQGAP1(S1443);IQGAP1(S1443);INSR(T1362);INSR(S1064);INSR(S1062);IL2RA(T271);IL2RA(S268);HSPB8(T63);HSPB8(S14);HRH1(T478);HRH1(S398);HNRNPA1(S95);HMGN2(S29);HMGN2(S25);HMGN1(S25);HMGN1(S21);HLA-A(S359);HES1(S38);HES1(S37);HDAC5(S498);HDAC5(S259);HAND1(T107);HAND1(S98);HAND1(S109);HABP4(T375);HABP4(T354);GSK3B(S9);GSK3A(S21);GRM5(T841);GRM5(S840);GRM1(T695);GRK2(S29);GRIN2B(S1323);GRIN2B(S1303);GRIN2A(S1416);GRIA4(T850);GRIA4(S862);GRIA2(S880);GRIA2(S717);GRIA2(S683);GRIA1(S832);GNAZ(S27);GNAZ(S16);GMFB(T27);GMFB(S72);GMFB(S53);GJB1(S233);GJB1(S229);GJA1(S368);GJA1(S262);GFPT1(S205);GFAP(S38);GFAP(S13);F3(S285);F11R(T92);F11R(S284);EZR(T567);EWSR1(S266);EIF6(S235);EIF4E(S209);EGLN2(S234);EGLN2(S132);EGFR(T678);EDF1(T91);DNM1(S795);DLX3(T134);DLX3(S138);DGKZ(S454);DGKD(S70);DGKD(S66);DDX5(S557);CYTH2(S392);CTPS1(T455);CTPS1(S462);CORO1B(S2);CLIP1(S312);CHAT(T373);CHAT(S594);CHAT(S558);CHAT(S465);CHAT(S464);CFTR(S790);CFTR(S686);CFL1(S24);CFL1(S23);CDKN2D(T141);CDKN2D(S76);CDKN1A(S153);CD5(T436);CD5(T434);CD163(S1084);CBL(S642);CBL(S639);CBL(S623);CBL(S619);CASR(T888);CALD1(S677);CALD1(S656);CALD1(S643);BCL2(S70);ARHGDIB(S31);AQP1(T239);AQP1(T157);APLP2(T723);ANXA2(S26);ANXA1(S27);ADRA1B(S412);ADRA1B(S410);ADRA1B(S406);ADRA1B(S402);ADRA1B(S396);ADD3(S693);ADD2(S713);ADD1(S726);ADAP1(T276);ADAP1(S87);ACO1(S711);
PRKCB,84,VTN(S381);TYR(S527);TYR(S523);TOP2A(S29);TNNI3(T143);TNNI3(S44);TNNI3(S42);STXBP1(S313);STXBP1(S306);STMN1(S38);STMN1(S25);SDC2(S188);SDC2(S187);RRAD(S299);RRAD(S290);RRAD(S273);RRAD(S257);RRAD(S214);RPS6KB2(S473);RAF1(S619);RAF1(S497);PTPN11(S595);PTPN11(S580);PSEN1(S346);PRKCB(T642);PRKCB(T17);PRKCB(S661);PRKCB(S16);PA2G4(T366);PA2G4(S363);ORAI1(S30);ORAI1(S27);OCLN(S340);NRGN(S36);NOS3(T495);NFE2L2(S40);NCF1(S379);NCF1(S370);NCF1(S359);NCF1(S328);NCF1(S320);NCF1(S315);NCF1(S304);NCF1(S303);MARCKS(S170);MARCKS(S163);MARCKS(S159);LMNB1(S405);LMNB1(S395);LASP1(S146);KCNC4(S21);KCNC4(S15);ITGB7(T783);ITGB2(T758);ITGB2(S745);ILF3(S647);IBTK(S1203);IBTK(S1200);HABP4(T375);HABP4(T354);GSK3A(S21);GRM5(T841);GRM5(S840);GRIN2B(S1323);GRIN2B(S1303);GJA1(S368);GAP43(S41);EWSR1(S266);EIF6(T234);EIF4E(S209);DAB2(S24);CYTH2(S392);CHAT(T373);CHAT(S594);CHAT(S558);CHAT(S465);CHAT(S464);CD5(T436);CD5(T434);CASR(T888);C5AR1(S334);BTK(S180);ANXA2(S2);ANXA1(S27);
PRKCD,113,YWHAZ(S58);YWHAB(S60);TRIM28(S473);TP73(S289);TP53(S46);TNNI3(T143);TNNI3(S24);TNNI3(S23);TAGLN(S181);STAT3(S727);STAT1(S727);SRC(S12);SMPD1(S508);SHC1(S28);SHC1(S139);SDC4(S179);RPS6KB2(S473);RPS3(T221);RPS3(S6);PTPRA(S213);PTPRA(S189);PTPN22(S35);PRKD1(S742);PRKD1(S738);PRKCD(T507);PRKCD(T295);PRKCD(T218);PRKCD(T141);PRKCD(S645);PRKCD(S503);PRKCD(S304);PRKCD(S302);PRKCD(S299);PLSCR3(T21);PLSCR1(T161);PLD2(T566);PEBP1(S153);PA2G4(S360);OPRD1(S344);NR2F6(S83);NOS3(T495);NFE2L2(S40);NCF4(T154);NCF1(S379);NCF1(S370);NCF1(S359);NCF1(S328);NCF1(S320);NCF1(S315);NCF1(S304);NCF1(S303);MYBPC3(S304);MYBPC3(S284);MYBPC3(S275);MUC1(T1224);MARCKS(S170);MARCKS(S163);MARCKS(S159);LIMK2(S283);KLF5(S153);ITGB7(T783);ITGB2(T758);ITGB2(T758);ITGB2(S745);IRS1(S616);IRS1(S323);IRS1(S1101);IL6ST(T909);IL6ST(T890);HNRNPK(S302);HMGA1(S64);HMGA1(S44);HIST1H3A; HIST1H3B; HIST1H3C; HIST1H3D; HIST1H3E; HIST1H3F; HIST1H3G; HIST1H3H; HIST1H3I; HIST1H3J(T46);HABP4(T375);HABP4(T354);GSK3A(S21);GRM5(T841);GRM5(S840);GRK2(S29);GNAZ(S27);G6PD(T236);G6PD(S180);FSCN1(S39);FLI1(T312);EP300(S89);ENOX2(S504);ELAVL1(S318);ELAVL1(S221);EIF2S1(S52);EGFR(T678);EEF1A1(T432);DNM1L(S616);DBI(T42);DAP3(T237);DAB2(S24);DAB2(S24);CYTH1(T395);CYTH1(S394);CREBBP(S437);CHN2(S171);CHAT(S594);CHAT(S558);C5AR1(S334);C5AR1(S334);BDKRB2(S373);BAG3(S187);ADRB2(S346);ADRB2(S345);ADRB2(S262);ADRB2(S261);ADRA2A(S232);ADD2(S726);ADD2(S713);
PRKCE,44,TRPV1(T705);TRPV1(T145);TRPV1(S821);TRPV1(S801);TRPV1(S775);TRPV1(S502);TICAM2(S16);STAT3(S727);SLC4A3(S67);RPS6KB2(S473);PRKD2(S876);PRKD2(S710);PRKD2(S706);PRKCE(S729);PPP1R14A(T38);OPRD1(S344);OCLN(T438);OCLN(T424);OCLN(T404);NOS3(T495);KRT18(S53);KIR3DL1(S415);IQGAP1(S1443);IQGAP1(S1443);GRM5(T841);GRM5(S840);GJA1(S373);GJA1(S369);GJA1(S368);GJA1(S365);GAD1(T91);FGFR2(S782);FGFR1(S779);CTNND1(S268);CHAT(S594);CHAT(S558);CHAT(S465);CHAT(S464);BAD(S99);BAD(S75);BAD(S118);ATF2(T52);ADAP1(T276);ADAP1(S87);
PRKCG,46,VTN(S381);TOP2A(S29);TNNI3(S44);TNNI3(S42);STXBP1(S313);STXBP1(S306);SDC2(S188);SDC2(S187);RPS6KB2(S473);RAF1(S619);RAF1(S497);PSEN1(S346);PEBP1(S153);PA2G4(T366);PA2G4(S363);OCLN(S340);NRGN(S36);NOS3(T495);KIR3DL1(S415);HSP90AA1(T603);HSP90AA1(T425);HSP90AA1(T115);HABP4(T375);HABP4(T354);GSK3A(S21);GRM5(T841);GRM5(S840);GRK2(S29);GRIN2B(S1323);GRIN2B(S1303);GRIA4(S862);GJA1(S368);EIF4E(S209);DAB2(S24);CYTH2(S392);CHAT(T373);CHAT(S594);CHAT(S558);CHAT(S465);CHAT(S464);CD5(T436);CD5(T434);ARHGEF7(S761);ARHGEF7(S518);APTX(T125);ANXA1(S27);
PRKCH,13,PTPN11(S595);PTPN11(S580);PRKD2(S876);PRKD2(S710);PRKD2(S706);PRKD1(S742);PRKD1(S738);NOS3(T495);ITGB2(T758);ITGB2(S745);GSK3B(S9);GSK3A(S21);ANXA1(S27);
PRKCI,6,NOS3(T495);EZR(T567);ECT2(T359);BAD(S99);BAD(S75);BAD(S118);
PRKCQ,12,WIPF1(S488);RASGRP3(T133);RAPGEF2(S960);PRKCQ(T219);NOS3(T495);MSN(T558);ICAM3(S518);HABP4(T375);HABP4(T354);GRM5(T841);GRM5(S840);CARD11(S644);
PRKCZ,48,YWHAB(T143);WWC1(S978);WWC1(S975);TRAF2(S55);STK11(S428);STK11(S307);SP1(T681);SP1(T668);SP1(S670);SP1(S641);RELA(S311);PSEN1(S346);PRKCZ(T560);PPP1R14A(T38);PARD3(S827);NR1H4(T456);NOS3(T495);NCF1(S379);NCF1(S370);NCF1(S359);NCF1(S328);NCF1(S320);NCF1(S315);NCF1(S304);NCF1(S303);MYH10(S1937);MARK3(T564);MARK2(T596);IRS1(S323);IRS1(S307);IRS1(S1101);IKBKB(S181);IKBKB(S177);HABP4(T375);HABP4(T354);GSK3B(S9);GRM5(T841);GRM5(S840);CHAT(S594);CHAT(S558);CASP9(S144);BAX(S184);AQP9(S11);AKT3(T305);AKT3(S472);AKT2(T309);ADD2(S713);ADD1(S726);
PRKD1,36,TLR5(S805);SSH1(S978);SSH1(S937);SNAI1(S11);RIN1(S351);RIN1(S292);PTRH2(S87);PTRH2(S5);PRKD1(S910);PRKD1(S742);PRKD1(S738);PRKD1(S205);PPP1R14A(T38);PLCG1(S1248);PIP4K2A(T376);PI4KB(S294);OSBP(S240);KIDINS220(S918);HDAC7(S486);HDAC7(S486);HDAC7(S358);HDAC7(S181);HDAC7(S155);HDAC5(S498);HDAC5(S259);DLC1(S1244);CTTN(S348);CTTN(S298);CTNNB1(T120);CTNNB1(T112);COL4A3BP(S132);CACNA1C(S1981);BAD(S99);BAD(S75);BAD(S118);ARFIP1(S132);
PRKD2,3,SSH1(S937);PRKD2(S876);PI4KB(S294);
PRKD3,1,GIT1(S46);
PRKDC,43,WRN(S467);WRN(S440);TP53(S15);TDP1(S81);SRF(S446);SRF(S435);RPA2(T21);RPA2(T21);RPA2(S33);RPA2(S29);RPA2(S23);RPA2(S13);RPA2(S12);RPA2(S11);PRKDC(T3950);PRKDC(T2647);PRKDC(T2638);PRKDC(T2620);PRKDC(T2609);PRKDC(S3205);PRKDC(S2624);PRKDC(S2612);PRKDC(S2056);POU2F1(T226);POU2F1(S232);PNKP(S126);PNKP(S114);PDX1(T11);NR3C1(S508);NHEJ1(S245);LIG4(T650);LIG4(S672);LIG4(S668);JUN(S249);IRF3(T135);HSP90AA1(T7);HSP90AA1(T5);HNRNPU(S59);DCLRE1C(S645);DCLRE1C(S516);DCLRE1C(S503);CHEK2(T68);CASP2(S139);
PRKG1,36,VASP(T278);VASP(S239);VASP(S157);TRPC3(T263);TRPC3(T11);TRPC3(S251);TNNI3(S24);TNNI3(S23);SRF(T159);SLC6A4(T276);SF1(S20);RYR1(S2843);RGS2(S64);RGS2(S46);PTS(S19);PRKG1(S65);PLCB3(S26);PLCB3(S1105);LASP1(S146);ITPR1(S1764);HSPB1(T143);HSPB1(S82);HSPB1(S78);HRH1(S398);GTF2I(S784);GTF2I(S412);GKAP1(S106);FHOD1(S1131);CRIP2(S104);CREB1(S133);CFTR(S813);CFTR(S795);CFTR(S768);CFTR(S737);CFTR(S700);CFTR(S660);
PRKG2,7,PTS(S19);PLCB3(S26);PLCB3(S1105);LASP1(S146);HSPB1(T143);HSPB1(S82);HSPB1(S78);
PRKX,1,PKD1(S4166);
PRPF4B,1,ELK1(T417);
PTK2,16,TRIO(Y2796);SH3GL1(Y315);RET(Y905);PXN(Y31);PXN(Y118);PTK2(Y861);PTK2(Y577);PTK2(Y576);PTK2(Y407);PTK2(Y397);BCAR1(Y666);BCAR1(Y664);ACTN4(Y4);ACTN4(Y31);ACTN4(Y265);ACTN1(Y12);
PTK2B,4,SNCA(Y125);PTK2B(Y402);PTK2(Y407);NOS3(Y657);
PTK6,12,STAT5B(Y699);STAP2(Y250);PTK6(Y447);PTK6(Y342);KHDRBS1(Y443);KHDRBS1(Y440);KHDRBS1(Y435);BCAR1(Y664);BCAR1(Y165);ARHGAP5(Y1109);AKT1(Y326);AKT1(Y315);
RAF1,6,RAF1(T268);RAF1(S621);MAP2K1(S222);MAP2K1(S218);BAD(S75);BAD(S118);
RALA,2,FOXO4(T455);FOXO4(T451);
RET,23,RET(Y981);RET(Y905);RET(Y900);RET(Y826);RET(Y809);RET(Y806);RET(Y687);RET(Y1096);RET(Y1090);RET(Y1062);RET(Y1029);RET(Y1015);PTK2(Y925);PTK2(Y577);PTK2(Y576);PDPK1(Y9);MAPK3(Y204);MAPK14(Y182);MAPK14(Y182);MAPK14(T180);MAPK14(T180);MAPK1(Y187);AKT1(Y315);
RIPK1,1,MAP3K1(S970);
RIPK2,3,RIPK2(S176);IRF5(S446);IRF5(S435);
ROBO,7,CDC25C(S216);CDC25B(S375);CDC25B(S323);CCND3(T283);CCND2(T280);ATF2(T71);ATF2(T69);
ROCK1,49,VIM(S72);SOX9(S181);RND3(S11);RDX(T573);RDX(T564);PTEN(T232);PTEN(S229);PPP1R12B(T646);PPP1R12A(T853);PPP1R12A(T696);PFN1(S138);MYL9(S20);MYL12B(T19);MYL12B(S20);MSN(T558);MAPK8IP3(S365);MAPK8IP3(S364);MAPK8IP3(S314);LIMK2(T526);LIMK2(T505);LIMK1(T508);KCNK3(S393);KCNK3(S336);GFAP(T7);GFAP(S38);GFAP(S13);FHOD1(T1141);FHOD1(S1137);FHOD1(S1131);EZR(T567);DPYSL2(T555);DES(T77);DES(T76);DES(T17);ARHGAP35(S1236);ARHGAP35(S1150);ARHGAP24(T577);ARHGAP24(T576);ARHGAP24(T575);ARHGAP24(T452);ARHGAP24(S574);ARHGAP24(S573);ARHGAP24(S437);ARHGAP24(S415);ARHGAP24(S413);ARHGAP24(S402);ARHGAP24(S391);ADD1(T480);ADD1(T445);
ROCK2,6,SH3GL2(T14);PPP1R14A(T38);PPP1R12A(T853);IRF4(S448);IRF4(S447);DPYSL2(T555);
RPS6KA1,46,YBX1(S102);WWC1(T929);WWC1(S947);VASP(T278);TSC2(S1798);STK11(S428);SLC9A1(S703);RPTOR(S722);RPTOR(S721);RPTOR(S719);RPS6KA1(S221);RPS6(S244);RPS6(S240);RPS6(S236);RPS6(S235);RANBP3(S126);PPP1R3A(S46);NR4A3(S376);MXD1(S145);MITF(S409);METTL1(S27);L1CAM(S1152);H3F3A; H3F3B(S11);H3F3A; H3F3B(S11);GSK3B(S9);FOS(S362);FLNA(S2152);ETV1(S216);ETV1(S191);ESR1(S167);EIF4B(S422);EEF2K(S366);DEPTOR(S291);DEPTOR(S287);DEPTOR(S286);CREB1(S133);CIC(S173);CDC25B(T355);CDC25B(S353);CDC25A(S295);CDC25A(S293);CCT2(S260);CARHSP1(S52);BAD(S75);BAD(S153);BAD(S118);
RPS6KA2,5,NR4A1(S351);NFKBIA(S32);L1CAM(S1152);BAD(S75);BAD(S118);
RPS6KA3,33,YBX1(S102);WWC1(T929);WWC1(S947);TINF2(S330);TINF2(S295);TH(S71);TH(S40);PFKFB2(S466);NR4A1(S351);NFATC4(S676);NFATC4(S344);NFATC4(S289);NFATC4(S285);NFATC4(S281);KRT18(S53);KCNK3(S393);HMGN2(S29);HMGN2(S25);HMGN1(S7);HMGN1(S25);HMGN1(S21);HIST1H3A; HIST1H3B; HIST1H3C; HIST1H3D; HIST1H3E; HIST1H3F; HIST1H3G; HIST1H3H; HIST1H3I; HIST1H3J(S11);HIST1H3A; HIST1H3B; HIST1H3C; HIST1H3D; HIST1H3E; HIST1H3F; HIST1H3G; HIST1H3H; HIST1H3I; HIST1H3J(S11);HIST1H2BB(S33);H3F3A; H3F3B(S11);H3F3A; H3F3B(S11);GSK3A(S21);ESR1(S167);EIF2AK2(T451);CREB1(S133);CIC(S173);BAD(S75);ATF4(S245);
RPS6KA4,8,RPS6KA4(S196);RELA(S276);HMGN1(S7);HIST3H3(S29);HIST3H3(S11);FOS(S362);CREB1(S133);ATF1(S63);
RPS6KA5,25,TH(S40);STAT3(S727);RPS6KA5(S758);RPS6KA5(S752);RPS6KA5(S750);RPS6KA5(S381);RPS6KA5(S376);RPS6KA5(S212);RELA(S276);PLA2G4A(S727);NR4A1(S351);HIST3H3(S29);HIST3H3(S11);HIST1H3A; HIST1H3B; HIST1H3C; HIST1H3D; HIST1H3E; HIST1H3F; HIST1H3G; HIST1H3H; HIST1H3I; HIST1H3J(S29);HIST1H3A; HIST1H3B; HIST1H3C; HIST1H3D; HIST1H3E; HIST1H3F; HIST1H3G; HIST1H3H; HIST1H3I; HIST1H3J(S29);HIST1H3A; HIST1H3B; HIST1H3C; HIST1H3D; HIST1H3E; HIST1H3F; HIST1H3G; HIST1H3H; HIST1H3I; HIST1H3J(S11);HIST1H3A; HIST1H3B; HIST1H3C; HIST1H3D; HIST1H3E; HIST1H3F; HIST1H3G; HIST1H3H; HIST1H3I; HIST1H3J(S11);HIST1H2AG; HIST1H2AI; HIST1H2AK; HIST1H2AL; HIST1H2AM(S2);H3F3A; H3F3B(S29);H3F3A; H3F3B(S11);H3F3A; H3F3B(S11);ELK1(S383);EIF4EBP1(T45);CREB1(S133);ATF1(S63);
RPS6KB1,31,TP63(T491);TP63(S560);TP63(S477);RPS6(S236);RPS6(S235);RICTOR(T1135);POLDIP3(S385);POLDIP3(S383);PFKFB2(S466);PDCD4(S67);MXD1(S145);MTOR(T2446);MTOR(S2448);IRS1(S639);IRS1(S636);IRS1(S527);IRS1(S307);IRS1(S270);IRS1(S1101);HSPB1(S82);HSPB1(S78);HSPB1(S15);GLI1(S84);ESR1(S167);EIF4B(S422);EEF2K(S366);DEPTOR(S291);DEPTOR(S287);DEPTOR(S286);CCT2(S260);CAD(S1859);
RPS6KB2,1,MXD1(S145);
SGK1,23,SLC2A4(S274);NR3C1(S226);NR3C1(S211);NR3C1(S203);NEDD4L(S448);NEDD4L(S342);NDRG2(T348);NDRG2(T330);NDRG2(S332);NDRG1(T366);NDRG1(T356);NDRG1(T346);NDRG1(S330);MAPT(S214);MAP3K3(S337);MAP3K3(S166);HTT(S419);FOXO3(T32);FOXO3(S315);FOXO3(S253);FBXW7(S227);CDKN1B(T198);CDKN1B(T157);
SGK2,2,FOXO3(T32);FOXO3(S253);
SGK3,5,GSK3B(S9);GSK3A(S21);FOXO3(S253);FLII(T818);FLII(S436);
SIK1,5,CRTC3(S162);CRTC2(S70);CRTC2(S348);CRTC2(S171);CRTC1(S167);
SIK2,6,IRS1(S794);CRTC2(S171);CRTC2(S171);CEP250(S2394);CEP250(S2392);CDK5R1(S91);
SIK3,3,CRTC2(S70);CRTC2(S348);CRTC2(S171);
SMG1,4,UPF1(T28);UPF1(S1107);UPF1(S1089);TP53(S15);
SRC,245,WWOX(Y33);WASF1(Y125);VIL1(Y81);VIL1(Y60);VIL1(Y256);VCL(Y1133);VCL(Y100);VAV3(Y173);UGT2B7(Y438);TXK(Y420);TNS3(Y1256);TNS3(Y1206);TNS3(Y1173);TGFBR2(Y284);TERT(Y707);STAT5B(Y679);STAT5A(Y694);STAT3(Y705);STAT1(Y701);STAP2(Y322);STAP2(Y22);SRC(Y530);SRC(Y419);SRC(Y216);SPTAN1(Y1176);SPRY2(Y55);SHC1(Y350);SHC1(Y349);SH3GL1(Y315);RRAS(Y66);RPS6KB2(Y45);RPS6KA3(Y529);RPS6KA3(Y488);RGS16(Y177);RGS16(Y168);RAPGEF1(Y504);RAF1(Y341);RAF1(Y341);RAF1(Y340);RAF1(Y340);RACK1(Y246);RACK1(Y228);PTPRA(Y798);PTPRA(Y798);PTPN6(Y564);PTPN6(Y536);PTK2B(Y402);PTK2(Y861);PTK2(Y742);PTK2(Y577);PTK2(Y577);PTK2(Y576);PTK2(Y407);PTK2(Y397);PROM1(Y852);PROM1(Y828);PRKD1(Y95);PRKD1(Y502);PRKD1(Y463);PRKD1(Y432);PRKCI(Y334);PRKCI(Y280);PRKCI(Y265);PPP2CA(Y307);PLSCR1(Y74);PLSCR1(Y69);PLCG1(Y783);PIP5K1C(Y649);PDPK1(Y9);PDPK1(Y376);PDPK1(Y373);PAK2(Y130);NOXA1(Y110);NOS2(Y151);NFKBIA(Y42);MYLK(Y471);MYLK(Y464);MUC1(Y1229);MPZL1(Y263);MPZL1(Y241);MMP14(Y573);LRP1(Y4507);LRP1(Y4473);KRT19(Y391);KIT(Y900);KCNJ1(Y337);KCNB1(Y128);KCNA3(Y499);KCNA3(Y187);JUP(Y644);ITGB3(Y785);ITGB3(Y773);INPPL1(Y987);INPPL1(Y986);IKBKB(Y199);IKBKB(Y188);IGF1R(Y980);IGF1R(Y973);IGF1R(Y1346);IGF1R(Y1166);IGF1R(Y1165);IGF1R(Y1161);HSP90AB1(Y301);HRAS(Y32);HNRNPK(Y72);HNRNPK(Y380);HNRNPK(Y236);HNRNPK(Y234);HNRNPK(Y230);HNRNPK(Y225);HNF4A(Y288);HNF4A(Y286);HNF4A(Y23);HLA-A(Y344);HCN4(Y531);GTF2I(Y652);GTF2I(Y248);GSN(Y465);GRIN2B(Y1474);GRIN2A(Y1387);GRIN2A(Y1325);GRIN2A(Y1267);GRIN2A(Y1105);GRB2(Y160);GRB10(Y67);GLRB(Y435);GJA1(Y265);GJA1(Y247);GAB1(Y627);GAB1(Y373);GAB1(Y317);GAB1(Y259);GAB1(Y242);FLT4(Y853);FLT4(Y833);FLT4(Y830);FLT4(Y1337);FLT4(Y1333);FLT4(Y1063);FHIT(Y114);FBXO5(Y142);EZR(Y478);EZR(Y146);ESR1(Y537);EPHA2(Y594);ENO1(Y44);EMD(Y95);EMD(Y74);EMD(Y59);EGFR(Y869);EGFR(Y1172);EGFR(Y1125);EGFR(Y1110);EGFR(Y1016);DNM1(Y597);DNM1(Y231);DLG4(Y523);DGKA(Y335);DDR2(Y741);DDR2(Y740);DDR2(Y736);DAPP1(Y139);DAG1(Y892);DAB1(Y232);DAB1(Y220);DAB1(Y198);DAB1(Y185);CYP19A1(Y361);CTTN(Y486);CTTN(Y470);CTTN(Y446);CTTN(Y421);CTNND1(Y96);CTNND1(Y302);CTNND1(Y296);CTNND1(Y291);CTNND1(Y280);CTNND1(Y257);CTNND1(Y228);CTNND1(Y112);CTNNB1(Y86);CTNNB1(Y654);CTNNB1(Y333);CLTC(Y1477);CHRNA7(Y442);CHRNA7(Y386);CHN2(Y21);CFL1(Y68);CEACAM1(Y520);CEACAM1(Y493);CDKN1B(Y89);CDKN1B(Y88);CDKN1B(Y74);CDH5(Y731);CDH5(Y685);CDH5(Y658);CDH2(Y886);CDH2(Y884);CDH2(Y860);CDH2(Y852);CDCP1(Y734);CDC42(Y64);CBLC(Y341);CAV2(Y27);CAV2(Y19);CAV1(Y14);CASP8(Y380);BTK(Y551);BMX(Y566);BDKRB2(Y347);BDKRB2(Y177);BCAR1(Y666);BCAR1(Y664);BCAR1(Y653);BCAR1(Y387);BCAR1(Y362);BCAR1(Y287);BCAR1(Y267);BCAR1(Y249);BCAR1(Y234);BCAR1(Y192);BCAR1(Y179);BCAR1(Y165);BCAR1(Y128);BCAR1(Y115);ARRB1(Y54);ARHGEF4(Y165);ARHGDIB(Y24);ARHGDIB(Y153);ARHGDIA(Y156);ARHGAP35(Y1105);ARAF(Y302);ARAF(Y301);AP2B1(Y737);ANXA2(Y24);ANXA1(Y21);ANXA1(T216);AKT1(Y326);AKT1(Y315);AFAP1(Y94);AFAP1(Y93);AFAP1(Y453);AFAP1(Y451);ABL1(Y393);ABL1(Y226);
SRPK1,5,SRPK1(T326);SRPK1(S33);SRPK1(S309);RBM8A(S168);RBM8A(S166);
SRPK2,1,ACIN1(S1180);
STK10,1,MSN(T558);
STK11,30,TP53(S392);TP53(S15);STRADA(T419);STRADA(T329);STK11(T402);STK11(T363);STK11(T336);STK11(T189);STK11(T185);SNRK(T173);SIK3(T163);SIK2(T175);SIK1(T182);PTEN(T383);PTEN(T382);PTEN(S385);PTEN(S380);PRKAA2(T172);PRKAA1(T183);PAK1(T109);NUAK2(T208);NUAK1(T211);MELK(T167);MARK4(T214);MARK3(T211);MARK3(S215);MARK2(T208);MARK1(T215);BRSK2(T174);BRSK1(T189);
STK17A,1,TP53(S20);
STK24,3,STK38L(T442);STK38(T444);STK24(T190);
STK25,2,PDCD10(T43);PDCD10(S39);
STK26,1,EZR(T567);
STK3,12,STK3(T180);NEK2(S438);MOB1B(T35);MOB1B(T12);MOB1A(T74);MOB1A(T35);MOB1A(T12);LATS2(T1041);LATS2(S872);LATS1(T1079);LATS1(S909);ABL1(T735);
STK38,3,STK38(T74);STK38(T444);STK38(S281);
STK38L,1,STK38L(S282);
STK4,20,TNNI3(T51);TNNI3(T31);TNNI3(T143);TNNI3(T129);STK4(T187);STK4(T183);STK4(T177);STK4(S327);MOB1B(T35);MOB1B(T12);MOB1A(T35);MOB1A(T12);LATS2(T1041);LATS2(S872);LATS1(T1079);LATS1(S909);HIST1H2BB(S15);FOXO3(S209);FOXO1(S212);ABL1(T735);
SYK,36,TUBA4A(Y432);SYK(Y526);SYK(Y525);SYK(Y352);SYK(Y348);SYK(Y323);SYK(Y131);SNCA(Y136);SNCA(Y133);SNCA(Y125);SLC4A1(Y8);SLC4A1(Y21);SHC1(Y427);SHC1(Y350);SHC1(Y349);SH3BP2(Y448);SH3BP2(Y183);SH3BP2(Y174);PRKCA(Y658);PLCG1(Y783);PLCG1(Y771);MAPT(Y18);MAP4K1(Y381);LCK(Y192);IL15RA(Y227);IKZF1(S364);IKZF1(S361);HCLS1(Y397);HCLS1(Y378);FCGR2A(Y304);FCGR2A(Y281);BTK(Y551);BLNK(Y96);BLNK(Y84);BLNK(Y72);BLNK(Y178);
TAF1,5,TP53(T55);GTF2A1(S321);GTF2A1(S316);GTF2A1(S281);GTF2A1(S280);
TAOK1,1,MAP2K3(S218);
TAOK2,3,MAP2K6(S207);MAP2K3(S218);ELK1(S383);
TAOK3,2,TAOK3(Y183);TAOK3(T181);
TBK1,15,STAT6(Y641);STAT6(S407);SQSTM1(S403);RELA(S536);NFKBIA(S36);IRF5(S293);IRF5(S158);IRF3(T404);IRF3(S405);IRF3(S402);IRF3(S398);IRF3(S396);IRF3(S386);IRF3(S385);AKT1(S473);
TEC,4,TEC(Y206);BTK(Y223);BMX(Y224);BMX(Y216);
TEK,4,TEK(Y992);TEK(Y897);TEK(Y1102);TEK(Y1048);
TESK1,3,TESK1(S220);CFL2(S3);CFL1(S3);
TESK2,3,DSTN(S3);CFL2(S3);CFL1(S3);
TGFBR1,7,TP63(S68);TP63(S160);SMAD3(S425);SMAD3(S423);SMAD2(S467);SMAD2(S465);EEF1A1(S300);
TGFBR2,11,TGFBR2(Y424);TGFBR2(Y336);TGFBR2(Y259);TGFBR2(S416);TGFBR2(S409);TGFBR2(S213);TGFBR1(T204);TGFBR1(T200);TGFBR1(T176);TGFBR1(S172);PARD6A(S345);
TGM2,1,HIST1H3A; HIST1H3B; HIST1H3C; HIST1H3D; HIST1H3E; HIST1H3F; HIST1H3G; HIST1H3H; HIST1H3I; HIST1H3J(S11);
THAP12,1,EIF2S1(S52);
TLK1,3,RAD9A(T355);RAD9A(S328);HIST1H3A; HIST1H3B; HIST1H3C; HIST1H3D; HIST1H3E; HIST1H3F; HIST1H3G; HIST1H3H; HIST1H3I; HIST1H3J(S11);
TNIK,1,TCF7L2(S177);
TNK2,1,TNK2(Y284);
TP53RK,1,TP53(S15);
TRPM7,2,EEF2K(S78);ANXA1(S5);
TSSK4,1,CREB1(S133);
TTBK1,4,MAPT(S739);MAPT(S519);MAPT(S516);MAPT(S515);
TTK,16,TTK(T806);TTK(T686);TTK(T676);TTK(T675);TTK(S742);TTK(S677);TTK(S582);TP53(T18);HSPA9(T62);HSPA9(S65);CHEK2(T68);CDCA8(T94);CDCA8(T88);CDCA8(T230);CDCA8(T169);ABL1(T735);
TTN,1,TCAP(S157);
TXK,5,TXK(Y91);LCP2(Y145);LCP2(Y128);LCP2(Y113);CTLA4(Y201);
TYK2,6,TYK2(Y1055);TYK2(Y1054);STAT1(Y701);IFNAR1(Y481);IFNAR1(Y466);DUSP3(Y138);
UHMK1,8,SYN1(S438);STMN1(S38);SF1(S82);SF1(S80);PAM(S946);MBP(S299);FAM64A(S131);CDKN1B(S10);
VRK1,9,TP53(T18);JUN(S73);JUN(S63);HIST1H3A; HIST1H3B; HIST1H3C; HIST1H3D; HIST1H3E; HIST1H3F; HIST1H3G; HIST1H3H; HIST1H3I; HIST1H3J(S11);BANF1(T3);BANF1(T2);BANF1(S4);ATF2(T73);ATF2(S62);
VRK2,4,NFATC2(S31);BANF1(T3);BANF1(T2);BANF1(S4);
WEE1,2,CDK2(Y15);CDK1(Y15);
WNK1,7,WNK1(S382);STK39(T231);STK39(S371);SLC12A6(T991);SLC12A6(T1048);OXSR1(T185);OXSR1(S325);
YES1,2,YES1(Y426);CDK4(Y17);
ZAK,3,ZAK(T162);ZAK(T161);ZAK(S165);
ZAP70,28,ZAP70(Y493);ZAP70(Y492);ZAP70(Y319);ZAP70(Y315);ZAP70(Y292);ZAP70(Y126);SHC1(Y427);SHC1(Y350);SHC1(Y349);SH2B3(Y273);MUC1(Y1203);MAPK14(Y323);LCP2(Y426);LCP2(Y423);LCP2(Y145);LCP2(Y128);LCP2(Y128);LCP2(Y113);LCP2(Y113);LAT(Y255);LAT(Y220);LAT(Y200);LAT(Y161);LAT(Y156);GAB2(Y614);DUSP3(Y138);DBNL(Y344);DBNL(Y334);
